File ID	File Name	Data Category	Data Type	Project ID	Case ID	Sample ID	Sample Type
d9aa429f-111b-46ee-bfa8-40e629efa5fd	62051f6b-1c89-4866-8803-dd726e84cc2e.wgs.sanger_raw_pindel.raw_somatic_mutation.vcf.gz	Simple Nucleotide Variation	Raw Simple Somatic Mutation	TCGA-LUSC	TCGA-77-7465, TCGA-77-7465	TCGA-77-7465-10A, TCGA-77-7465-01A	Blood Derived Normal, Primary Tumor
f2a58bbe-aae9-4305-8978-9b32549c9875	9bd36d6a-2903-4470-983b-c6c2940b843a.wgs.BRASS.rerun_structural_variation.bedpe.gz	Somatic Structural Variation	Structural Rearrangement	TCGA-LUSC	TCGA-77-7465, TCGA-77-7465	TCGA-77-7465-10A, TCGA-77-7465-01A	Blood Derived Normal, Primary Tumor
7d11dddd-8e86-4533-94f1-22a709969b55	62051f6b-1c89-4866-8803-dd726e84cc2e.wgs.CaVEMan.raw_somatic_mutation.vcf.gz	Simple Nucleotide Variation	Raw Simple Somatic Mutation	TCGA-LUSC	TCGA-77-7465, TCGA-77-7465	TCGA-77-7465-10A, TCGA-77-7465-01A	Blood Derived Normal, Primary Tumor
34dc536a-378f-4f91-94b8-febcfde111fc	62051f6b-1c89-4866-8803-dd726e84cc2e.wgs.BRASS.raw_structural_variation.vcf.gz	Somatic Structural Variation	Structural Rearrangement	TCGA-LUSC	TCGA-77-7465, TCGA-77-7465	TCGA-77-7465-10A, TCGA-77-7465-01A	Blood Derived Normal, Primary Tumor
8e21fe07-3406-4f7d-956f-a2c5bb0f2334	32564de4-55f3-4934-b529-a187c59d4d47.wgs.ASCAT.copy_number_variation.seg.txt	Copy Number Variation	Copy Number Segment	TCGA-LUSC	TCGA-58-8388, TCGA-58-8388	TCGA-58-8388-10A, TCGA-58-8388-01A	Blood Derived Normal, Primary Tumor
af2a12c3-014b-4d7a-9821-dd9f327cc5ce	32564de4-55f3-4934-b529-a187c59d4d47.wgs.BRASS.raw_structural_variation.vcf.gz	Somatic Structural Variation	Structural Rearrangement	TCGA-LUSC	TCGA-58-8388, TCGA-58-8388	TCGA-58-8388-10A, TCGA-58-8388-01A	Blood Derived Normal, Primary Tumor
b770a048-cba5-4530-b3ca-2feddd3b2780	04c212e7-d485-4621-b50f-2f2d9f2ea67f.wgs.BRASS.raw_structural_variation.vcf.gz	Somatic Structural Variation	Structural Rearrangement	TCGA-LUSC	TCGA-85-A4QR, TCGA-85-A4QR	TCGA-85-A4QR-01A, TCGA-85-A4QR-10A	Primary Tumor, Blood Derived Normal
18aa400d-91ef-4c44-b479-e70cc833044b	04c212e7-d485-4621-b50f-2f2d9f2ea67f.wgs.ASCAT.copy_number_variation.seg.txt	Copy Number Variation	Copy Number Segment	TCGA-LUSC	TCGA-85-A4QR, TCGA-85-A4QR	TCGA-85-A4QR-01A, TCGA-85-A4QR-10A	Primary Tumor, Blood Derived Normal
c5aedd2f-983e-4e4d-a84c-05d83b3570a4	04c212e7-d485-4621-b50f-2f2d9f2ea67f.wgs.sanger_raw_pindel.raw_somatic_mutation.vcf.gz	Simple Nucleotide Variation	Raw Simple Somatic Mutation	TCGA-LUSC	TCGA-85-A4QR, TCGA-85-A4QR	TCGA-85-A4QR-01A, TCGA-85-A4QR-10A	Primary Tumor, Blood Derived Normal
4c402f35-4edd-43b6-8268-2871c001906e	1d6d39c4-b0e1-4d49-ac1d-384212229d5c.wgs.ASCAT.copy_number_variation.seg.txt	Copy Number Variation	Copy Number Segment	TCGA-LUSC	TCGA-34-5927, TCGA-34-5927	TCGA-34-5927-10A, TCGA-34-5927-01A	Blood Derived Normal, Primary Tumor
539e8e6b-5c01-4463-b25a-47d800c5e881	f23649c0-8de7-4b60-9b65-5c557ea08a65.wgs.BRASS.raw_structural_variation.vcf.gz	Somatic Structural Variation	Structural Rearrangement	TCGA-LUSC	TCGA-63-7020, TCGA-63-7020	TCGA-63-7020-10A, TCGA-63-7020-01A	Blood Derived Normal, Primary Tumor
9d9460f3-313d-485c-989c-c3c8dadefaf3	f23649c0-8de7-4b60-9b65-5c557ea08a65.wgs.ASCAT.copy_number_variation.seg.txt	Copy Number Variation	Copy Number Segment	TCGA-LUSC	TCGA-63-7020, TCGA-63-7020	TCGA-63-7020-10A, TCGA-63-7020-01A	Blood Derived Normal, Primary Tumor
66b6751b-5df4-44fe-b58f-a81f1ca93e8c	f23649c0-8de7-4b60-9b65-5c557ea08a65.wgs.CaVEMan.raw_somatic_mutation.vcf.gz	Simple Nucleotide Variation	Raw Simple Somatic Mutation	TCGA-LUSC	TCGA-63-7020, TCGA-63-7020	TCGA-63-7020-10A, TCGA-63-7020-01A	Blood Derived Normal, Primary Tumor
6287cb80-19c7-4932-a648-1eebdab895df	f23649c0-8de7-4b60-9b65-5c557ea08a65.wgs.sanger_raw_pindel.raw_somatic_mutation.vcf.gz	Simple Nucleotide Variation	Raw Simple Somatic Mutation	TCGA-LUSC	TCGA-63-7020, TCGA-63-7020	TCGA-63-7020-10A, TCGA-63-7020-01A	Blood Derived Normal, Primary Tumor
e42db58c-4c8d-4930-8a4b-62a272b4dadd	703c3593-8f8f-4d8b-a1bf-3eadc806e980.wgs.BRASS.raw_structural_variation.vcf.gz	Somatic Structural Variation	Structural Rearrangement	TCGA-LUSC	TCGA-34-5239, TCGA-34-5239	TCGA-34-5239-01A, TCGA-34-5239-10A	Primary Tumor, Blood Derived Normal
ee08fe0b-985f-47c1-bb0d-ced4e95f0ae6	32c1fcc3-562e-4813-bdcc-8bac4983f5bd.wgs.CaVEMan.raw_somatic_mutation.vcf.gz	Simple Nucleotide Variation	Raw Simple Somatic Mutation	TCGA-LUSC	TCGA-85-8353, TCGA-85-8353	TCGA-85-8353-10A, TCGA-85-8353-01A	Blood Derived Normal, Primary Tumor
63bf4c5f-4da4-4ef6-b74d-2f0fdbcea788	32c1fcc3-562e-4813-bdcc-8bac4983f5bd.wgs.BRASS.raw_structural_variation.vcf.gz	Somatic Structural Variation	Structural Rearrangement	TCGA-LUSC	TCGA-85-8353, TCGA-85-8353	TCGA-85-8353-10A, TCGA-85-8353-01A	Blood Derived Normal, Primary Tumor
0f062e89-9a48-4ce2-9471-128911178fff	2b4d1024-343e-40ef-ac79-a187184f4956.wgs.ASCAT.copy_number_variation.seg.txt	Copy Number Variation	Copy Number Segment	TCGA-LUSC	TCGA-63-A5MT, TCGA-63-A5MT	TCGA-63-A5MT-01A, TCGA-63-A5MT-10A	Primary Tumor, Blood Derived Normal
86a18477-4e2e-4118-8146-8a5895c409e4	8889cc99-55b1-4332-8712-a969a3c3d076.wgs.BRASS.rerun_structural_variation.bedpe.gz	Somatic Structural Variation	Structural Rearrangement	TCGA-LUSC	TCGA-63-A5MT, TCGA-63-A5MT	TCGA-63-A5MT-01A, TCGA-63-A5MT-10A	Primary Tumor, Blood Derived Normal
02af38a3-7dfa-4c37-90b4-62747932dc67	2b4d1024-343e-40ef-ac79-a187184f4956.wgs.CaVEMan.raw_somatic_mutation.vcf.gz	Simple Nucleotide Variation	Raw Simple Somatic Mutation	TCGA-LUSC	TCGA-63-A5MT, TCGA-63-A5MT	TCGA-63-A5MT-01A, TCGA-63-A5MT-10A	Primary Tumor, Blood Derived Normal
48bf6bba-33f1-4714-8d02-6d604cd3d310	2b4d1024-343e-40ef-ac79-a187184f4956.wgs.BRASS.raw_structural_variation.vcf.gz	Somatic Structural Variation	Structural Rearrangement	TCGA-LUSC	TCGA-63-A5MT, TCGA-63-A5MT	TCGA-63-A5MT-01A, TCGA-63-A5MT-10A	Primary Tumor, Blood Derived Normal
081f15b7-7559-4f2d-91bc-c68a6c53248f	703c3593-8f8f-4d8b-a1bf-3eadc806e980.wgs.ASCAT.copy_number_variation.seg.txt	Copy Number Variation	Copy Number Segment	TCGA-LUSC	TCGA-34-5239, TCGA-34-5239	TCGA-34-5239-01A, TCGA-34-5239-10A	Primary Tumor, Blood Derived Normal
fce208ca-8367-40b2-a208-130629e63338	703c3593-8f8f-4d8b-a1bf-3eadc806e980.wgs.CaVEMan.raw_somatic_mutation.vcf.gz	Simple Nucleotide Variation	Raw Simple Somatic Mutation	TCGA-LUSC	TCGA-34-5239, TCGA-34-5239	TCGA-34-5239-01A, TCGA-34-5239-10A	Primary Tumor, Blood Derived Normal
64d837ef-4b9b-469f-a293-d854080f3b85	2514df3e-72ec-40e5-88d0-ce1dfb3ccd73.wgs.sanger_raw_pindel.raw_somatic_mutation.vcf.gz	Simple Nucleotide Variation	Raw Simple Somatic Mutation	TCGA-LUSC	TCGA-34-5241, TCGA-34-5241	TCGA-34-5241-10A, TCGA-34-5241-01A	Blood Derived Normal, Primary Tumor
2fddb400-9107-4a37-997b-944b45466982	b23fbf81-819e-42ec-b44d-1064f0fe7222.wgs.sanger_raw_pindel.raw_somatic_mutation.vcf.gz	Simple Nucleotide Variation	Raw Simple Somatic Mutation	TCGA-LUSC	TCGA-56-8083, TCGA-56-8083	TCGA-56-8083-10A, TCGA-56-8083-01A	Blood Derived Normal, Primary Tumor
3049c367-9198-4dcb-a7de-ae237aed96b2	43d577dd-aa81-4cb5-b147-553507f380ef.wgs.BRASS.rerun_structural_variation.bedpe.gz	Somatic Structural Variation	Structural Rearrangement	TCGA-LUSC	TCGA-56-8083, TCGA-56-8083	TCGA-56-8083-10A, TCGA-56-8083-01A	Blood Derived Normal, Primary Tumor
aae2bde1-2020-48f5-973f-2d42194c72f6	b23fbf81-819e-42ec-b44d-1064f0fe7222.wgs.CaVEMan.raw_somatic_mutation.vcf.gz	Simple Nucleotide Variation	Raw Simple Somatic Mutation	TCGA-LUSC	TCGA-56-8083, TCGA-56-8083	TCGA-56-8083-10A, TCGA-56-8083-01A	Blood Derived Normal, Primary Tumor
980d4d49-0fda-4de7-9244-7587924747cb	afbf285e-0560-4e1d-9c6e-9741368aa9f5.wgs.sanger_raw_pindel.raw_somatic_mutation.vcf.gz	Simple Nucleotide Variation	Raw Simple Somatic Mutation	TCGA-LUSC	TCGA-77-A5G6, TCGA-77-A5G6	TCGA-77-A5G6-01A, TCGA-77-A5G6-10A	Primary Tumor, Blood Derived Normal
e5f122ea-e621-46bf-a2d6-a1fa53886949	afbf285e-0560-4e1d-9c6e-9741368aa9f5.wgs.CaVEMan.raw_somatic_mutation.vcf.gz	Simple Nucleotide Variation	Raw Simple Somatic Mutation	TCGA-LUSC	TCGA-77-A5G6, TCGA-77-A5G6	TCGA-77-A5G6-01A, TCGA-77-A5G6-10A	Primary Tumor, Blood Derived Normal
51e15faf-487b-4737-b762-b8aa3b4c3b2c	afbf285e-0560-4e1d-9c6e-9741368aa9f5.wgs.ASCAT.copy_number_variation.seg.txt	Copy Number Variation	Copy Number Segment	TCGA-LUSC	TCGA-77-A5G6, TCGA-77-A5G6	TCGA-77-A5G6-01A, TCGA-77-A5G6-10A	Primary Tumor, Blood Derived Normal
67eb3e2d-8023-4059-b001-c09bcc36f404	afbf285e-0560-4e1d-9c6e-9741368aa9f5.wgs.BRASS.raw_structural_variation.vcf.gz	Somatic Structural Variation	Structural Rearrangement	TCGA-LUSC	TCGA-77-A5G6, TCGA-77-A5G6	TCGA-77-A5G6-01A, TCGA-77-A5G6-10A	Primary Tumor, Blood Derived Normal
583d3f39-7316-4260-9cea-728f0bf12587	ebecacc3-519f-4af3-9a9e-2e5caa74a14e.wgs.BRASS.rerun_structural_variation.bedpe	Somatic Structural Variation	Structural Rearrangement	TCGA-LUSC	TCGA-77-A5G6, TCGA-77-A5G6	TCGA-77-A5G6-01A, TCGA-77-A5G6-10A	Primary Tumor, Blood Derived Normal
7aad8544-cd13-43a8-b756-eb997ccb1f90	e636717c-c2ee-4c11-aff9-5bbe27c5e134.wgs.sanger_raw_pindel.raw_somatic_mutation.vcf.gz	Simple Nucleotide Variation	Raw Simple Somatic Mutation	TCGA-LUSC	TCGA-85-8277, TCGA-85-8277	TCGA-85-8277-10A, TCGA-85-8277-01A	Blood Derived Normal, Primary Tumor
45f2bafc-28bb-415c-a173-190143d78269	5ba09852-1870-4c72-a054-0b8f3d9204ff.wgs.BRASS.rerun_structural_variation.bedpe.gz	Somatic Structural Variation	Structural Rearrangement	TCGA-LUSC	TCGA-85-8277, TCGA-85-8277	TCGA-85-8277-10A, TCGA-85-8277-01A	Blood Derived Normal, Primary Tumor
9b90f2ad-49af-4eb7-a619-44f3e7abf0cb	d1385651-cfa7-4d00-a709-782367c9994f.wgs.BRASS.raw_structural_variation.vcf.gz	Somatic Structural Variation	Structural Rearrangement	TCGA-LUSC	TCGA-98-8023, TCGA-98-8023	TCGA-98-8023-01A, TCGA-98-8023-10A	Primary Tumor, Blood Derived Normal
03b8c851-99bf-4047-b208-0ae4869d9e04	d1385651-cfa7-4d00-a709-782367c9994f.wgs.sanger_raw_pindel.raw_somatic_mutation.vcf.gz	Simple Nucleotide Variation	Raw Simple Somatic Mutation	TCGA-LUSC	TCGA-98-8023, TCGA-98-8023	TCGA-98-8023-01A, TCGA-98-8023-10A	Primary Tumor, Blood Derived Normal
ada1fb10-c04d-41fd-b325-15492468cf62	0b277ea0-f930-4340-a070-e90311542a8a.wgs.BRASS.raw_structural_variation.vcf.gz	Somatic Structural Variation	Structural Rearrangement	TCGA-LUSC	TCGA-34-8454, TCGA-34-8454	TCGA-34-8454-01A, TCGA-34-8454-10A	Primary Tumor, Blood Derived Normal
fc03e092-e0a7-4261-9a96-4388a43f3df7	b5ac719d-8e90-4da9-84ea-4f070433b653.wgs.BRASS.rerun_structural_variation.bedpe.gz	Somatic Structural Variation	Structural Rearrangement	TCGA-LUSC	TCGA-34-8454, TCGA-34-8454	TCGA-34-8454-01A, TCGA-34-8454-10A	Primary Tumor, Blood Derived Normal
ce34d815-6ae2-4067-ad46-ef5c2157d92b	0b277ea0-f930-4340-a070-e90311542a8a.wgs.CaVEMan.raw_somatic_mutation.vcf.gz	Simple Nucleotide Variation	Raw Simple Somatic Mutation	TCGA-LUSC	TCGA-34-8454, TCGA-34-8454	TCGA-34-8454-01A, TCGA-34-8454-10A	Primary Tumor, Blood Derived Normal
a2d430b5-667e-4b09-99c6-c59c95a974b0	eb9fe4f2-9d1a-4202-8964-333df716a50e.wgs.BRASS.raw_structural_variation.vcf.gz	Somatic Structural Variation	Structural Rearrangement	TCGA-LUSC	TCGA-85-7699, TCGA-85-7699	TCGA-85-7699-01A, TCGA-85-7699-10A	Primary Tumor, Blood Derived Normal
625e90db-50e6-4590-92cf-7a48caba76c6	eb9fe4f2-9d1a-4202-8964-333df716a50e.wgs.CaVEMan.raw_somatic_mutation.vcf.gz	Simple Nucleotide Variation	Raw Simple Somatic Mutation	TCGA-LUSC	TCGA-85-7699, TCGA-85-7699	TCGA-85-7699-01A, TCGA-85-7699-10A	Primary Tumor, Blood Derived Normal
36f8fa89-dedf-4571-8d88-c7f4c029105b	e9fbea28-07e3-40be-99db-0cbd80b2cca4.wgs.sanger_raw_pindel.raw_somatic_mutation.vcf.gz	Simple Nucleotide Variation	Raw Simple Somatic Mutation	TCGA-LUSC	TCGA-O2-A52N, TCGA-O2-A52N	TCGA-O2-A52N-10A, TCGA-O2-A52N-01A	Blood Derived Normal, Primary Tumor
495e639b-2abb-46eb-ba94-72ffa07cb596	7d41fefb-3d6d-4a83-ac8a-c857c6bd84bd.wgs.BRASS.raw_structural_variation.vcf.gz	Somatic Structural Variation	Structural Rearrangement	TCGA-LUSC	TCGA-52-7811, TCGA-52-7811	TCGA-52-7811-01A, TCGA-52-7811-10A	Primary Tumor, Blood Derived Normal
adb8df80-28d5-48cf-8b71-e7122f2622be	70e1b9f0-f61e-4e17-8a12-a4a3ebf7f9ec.wgs.BRASS.rerun_structural_variation.bedpe	Somatic Structural Variation	Structural Rearrangement	TCGA-LUSC	TCGA-37-A5EM, TCGA-37-A5EM	TCGA-37-A5EM-10A, TCGA-37-A5EM-01A	Blood Derived Normal, Primary Tumor
7f4f56f2-7cec-4616-bdf9-debd30d3ca11	5920a413-3753-4755-a10a-e94e6db880a4.wgs.ASCAT.copy_number_variation.seg.txt	Copy Number Variation	Copy Number Segment	TCGA-LUSC	TCGA-58-8386, TCGA-58-8386	TCGA-58-8386-01A, TCGA-58-8386-10A	Primary Tumor, Blood Derived Normal
24fcf6a1-88c2-4d50-bf79-cf7e6b7fa368	f10fbebf-74d9-45cb-8058-52bf5c4f8b14.wgs.sanger_raw_pindel.raw_somatic_mutation.vcf.gz	Simple Nucleotide Variation	Raw Simple Somatic Mutation	TCGA-LUSC	TCGA-92-7341, TCGA-92-7341	TCGA-92-7341-01A, TCGA-92-7341-10A	Primary Tumor, Blood Derived Normal
85eb9c96-a138-4b38-9d8a-f4fa60b629b9	3d4a21b5-8a2e-4849-a91c-5ca51e575442.wgs.BRASS.rerun_structural_variation.bedpe.gz	Somatic Structural Variation	Structural Rearrangement	TCGA-LUSC	TCGA-56-8629, TCGA-56-8629	TCGA-56-8629-01A, TCGA-56-8629-10A	Primary Tumor, Blood Derived Normal
41a2948d-2f79-47fc-aaef-d1603db943e1	1c355427-530c-4042-a1f1-7c1cad140b8b.wgs.CaVEMan.raw_somatic_mutation.vcf.gz	Simple Nucleotide Variation	Raw Simple Somatic Mutation	TCGA-LUSC	TCGA-56-8629, TCGA-56-8629	TCGA-56-8629-01A, TCGA-56-8629-10A	Primary Tumor, Blood Derived Normal
825522f5-ae8c-4af0-a9c9-8bebc4de6f11	b9fcd5bf-b0f6-4f4c-8eef-d12d4208d47e.wgs.sanger_raw_pindel.raw_somatic_mutation.vcf.gz	Simple Nucleotide Variation	Raw Simple Somatic Mutation	TCGA-LUSC	TCGA-37-4135, TCGA-37-4135	TCGA-37-4135-01A, TCGA-37-4135-10A	Primary Tumor, Blood Derived Normal
9299cb81-e978-44ae-af74-310e815a00ea	b9fcd5bf-b0f6-4f4c-8eef-d12d4208d47e.wgs.BRASS.raw_structural_variation.vcf.gz	Somatic Structural Variation	Structural Rearrangement	TCGA-LUSC	TCGA-37-4135, TCGA-37-4135	TCGA-37-4135-01A, TCGA-37-4135-10A	Primary Tumor, Blood Derived Normal
af48d74a-4e70-469d-a3d7-f6c405d78104	d396161a-5d5b-4678-b2e3-4bafa8f654d5.wgs.BRASS.rerun_structural_variation.bedpe.gz	Somatic Structural Variation	Structural Rearrangement	TCGA-LUSC	TCGA-37-4135, TCGA-37-4135	TCGA-37-4135-01A, TCGA-37-4135-10A	Primary Tumor, Blood Derived Normal
8ccdeb9f-f079-4eff-ac63-280a5506ca35	6868afcb-ee81-4695-b0ef-bd47be0a346f.wgs.BRASS.rerun_structural_variation.bedpe.gz	Somatic Structural Variation	Structural Rearrangement	TCGA-LUSC	TCGA-92-7341, TCGA-92-7341	TCGA-92-7341-01A, TCGA-92-7341-10A	Primary Tumor, Blood Derived Normal
dcbcede2-de02-429d-b0c1-342f1e1c192b	b9fcd5bf-b0f6-4f4c-8eef-d12d4208d47e.wgs.CaVEMan.raw_somatic_mutation.vcf.gz	Simple Nucleotide Variation	Raw Simple Somatic Mutation	TCGA-LUSC	TCGA-37-4135, TCGA-37-4135	TCGA-37-4135-01A, TCGA-37-4135-10A	Primary Tumor, Blood Derived Normal
bdae8c91-5b78-463b-88c1-7b41d17fe260	29f35e23-30ae-4636-8f25-85e55e35579c.wgs.CaVEMan.raw_somatic_mutation.vcf.gz	Simple Nucleotide Variation	Raw Simple Somatic Mutation	TCGA-LUSC	TCGA-56-8625, TCGA-56-8625	TCGA-56-8625-01A, TCGA-56-8625-10A	Primary Tumor, Blood Derived Normal
6e87c8b2-f847-43a9-ab00-eddf510fad85	29f35e23-30ae-4636-8f25-85e55e35579c.wgs.sanger_raw_pindel.raw_somatic_mutation.vcf.gz	Simple Nucleotide Variation	Raw Simple Somatic Mutation	TCGA-LUSC	TCGA-56-8625, TCGA-56-8625	TCGA-56-8625-01A, TCGA-56-8625-10A	Primary Tumor, Blood Derived Normal
806729cb-ae2b-4a7e-bcb0-35674b35fa20	a8dd0002-25e4-4506-8634-a9da1225cd56.wgs.CaVEMan.raw_somatic_mutation.vcf.gz	Simple Nucleotide Variation	Raw Simple Somatic Mutation	TCGA-LUSC	TCGA-85-A4JB, TCGA-85-A4JB	TCGA-85-A4JB-01A, TCGA-85-A4JB-10A	Primary Tumor, Blood Derived Normal
ad7f728b-3884-4b47-8d2f-edcc029efe7d	a8dd0002-25e4-4506-8634-a9da1225cd56.wgs.sanger_raw_pindel.raw_somatic_mutation.vcf.gz	Simple Nucleotide Variation	Raw Simple Somatic Mutation	TCGA-LUSC	TCGA-85-A4JB, TCGA-85-A4JB	TCGA-85-A4JB-01A, TCGA-85-A4JB-10A	Primary Tumor, Blood Derived Normal
75aeab34-9e53-4ebd-b686-47626580f808	a8dd0002-25e4-4506-8634-a9da1225cd56.wgs.ASCAT.copy_number_variation.seg.txt	Copy Number Variation	Copy Number Segment	TCGA-LUSC	TCGA-85-A4JB, TCGA-85-A4JB	TCGA-85-A4JB-01A, TCGA-85-A4JB-10A	Primary Tumor, Blood Derived Normal
48914a4f-0518-443a-aa29-48ab91fbacef	3556e193-e36b-4ece-b293-d0ce807524b6.wgs.BRASS.raw_structural_variation.vcf.gz	Somatic Structural Variation	Structural Rearrangement	TCGA-LUSC	TCGA-85-6175, TCGA-85-6175	TCGA-85-6175-01A, TCGA-85-6175-10A	Primary Tumor, Blood Derived Normal
c478f2e9-18cc-4472-863c-03182dfa85fe	73028403-8e72-492c-bd46-6758083a990c.wgs.BRASS.rerun_structural_variation.bedpe.gz	Somatic Structural Variation	Structural Rearrangement	TCGA-LUSC	TCGA-94-8035, TCGA-94-8035	TCGA-94-8035-10A, TCGA-94-8035-01A	Blood Derived Normal, Primary Tumor
9cd05fe6-7f4b-414e-a454-38b85713b0a3	6a5c4bc7-09c6-47f5-a735-4c178dd4e8ae.wgs.ASCAT.copy_number_variation.seg.txt	Copy Number Variation	Copy Number Segment	TCGA-LUSC	TCGA-94-8035, TCGA-94-8035	TCGA-94-8035-10A, TCGA-94-8035-01A	Blood Derived Normal, Primary Tumor
3c085568-15f9-493c-a806-7dfff7a0c9bd	6a5c4bc7-09c6-47f5-a735-4c178dd4e8ae.wgs.BRASS.raw_structural_variation.vcf.gz	Somatic Structural Variation	Structural Rearrangement	TCGA-LUSC	TCGA-94-8035, TCGA-94-8035	TCGA-94-8035-10A, TCGA-94-8035-01A	Blood Derived Normal, Primary Tumor
412ff11b-d8c8-4936-a2fb-7168b64ea51c	6a5c4bc7-09c6-47f5-a735-4c178dd4e8ae.wgs.sanger_raw_pindel.raw_somatic_mutation.vcf.gz	Simple Nucleotide Variation	Raw Simple Somatic Mutation	TCGA-LUSC	TCGA-94-8035, TCGA-94-8035	TCGA-94-8035-10A, TCGA-94-8035-01A	Blood Derived Normal, Primary Tumor
c3150368-1765-41fb-b85b-23f68a157df7	3556e193-e36b-4ece-b293-d0ce807524b6.wgs.ASCAT.copy_number_variation.seg.txt	Copy Number Variation	Copy Number Segment	TCGA-LUSC	TCGA-85-6175, TCGA-85-6175	TCGA-85-6175-01A, TCGA-85-6175-10A	Primary Tumor, Blood Derived Normal
59aa285e-7c7a-47a0-a393-9ef6bd26c88a	514bbe99-1ce0-4c09-8931-d41b44758a86.wgs.CaVEMan.raw_somatic_mutation.vcf.gz	Simple Nucleotide Variation	Raw Simple Somatic Mutation	TCGA-LUSC	TCGA-63-7023, TCGA-63-7023	TCGA-63-7023-10A, TCGA-63-7023-01A	Blood Derived Normal, Primary Tumor
d310a517-f03f-4141-81df-8eab165889ff	514bbe99-1ce0-4c09-8931-d41b44758a86.wgs.sanger_raw_pindel.raw_somatic_mutation.vcf.gz	Simple Nucleotide Variation	Raw Simple Somatic Mutation	TCGA-LUSC	TCGA-63-7023, TCGA-63-7023	TCGA-63-7023-10A, TCGA-63-7023-01A	Blood Derived Normal, Primary Tumor
fd664386-247c-4c62-a65b-cf61977eef26	c1715c13-0849-4faf-9dd3-f691bdb8129c.wgs.BRASS.raw_structural_variation.vcf.gz	Somatic Structural Variation	Structural Rearrangement	TCGA-LUSC	TCGA-56-7223, TCGA-56-7223	TCGA-56-7223-01A, TCGA-56-7223-10A	Primary Tumor, Blood Derived Normal
c666bdba-276d-418b-b0c9-36f5da99b43e	2abbbaa2-2fb6-4926-94f4-75f1ac37033c.wgs.BRASS.rerun_structural_variation.bedpe	Somatic Structural Variation	Structural Rearrangement	TCGA-LUSC	TCGA-85-A50M, TCGA-85-A50M	TCGA-85-A50M-10A, TCGA-85-A50M-01A	Blood Derived Normal, Primary Tumor
76503a73-1cb9-41a1-b2ba-0310d074a6c7	c0510fdb-e59f-496d-8431-aa0d5cdc81be.wgs.ASCAT.copy_number_variation.seg.txt	Copy Number Variation	Copy Number Segment	TCGA-LUSC	TCGA-85-A50M, TCGA-85-A50M	TCGA-85-A50M-10A, TCGA-85-A50M-01A	Blood Derived Normal, Primary Tumor
54fd6ed2-9f76-42d5-83b6-f9dde2f849a0	c0510fdb-e59f-496d-8431-aa0d5cdc81be.wgs.sanger_raw_pindel.raw_somatic_mutation.vcf.gz	Simple Nucleotide Variation	Raw Simple Somatic Mutation	TCGA-LUSC	TCGA-85-A50M, TCGA-85-A50M	TCGA-85-A50M-10A, TCGA-85-A50M-01A	Blood Derived Normal, Primary Tumor
9f11ba82-483c-4dc9-91c4-3b86c0a565ee	30cf82e0-6945-464d-8568-e69696fd162e.wgs.BRASS.rerun_structural_variation.bedpe	Somatic Structural Variation	Structural Rearrangement	TCGA-LUSC	TCGA-33-A4WN, TCGA-33-A4WN	TCGA-33-A4WN-01A, TCGA-33-A4WN-10A	Primary Tumor, Blood Derived Normal
121f8ee8-c931-4d64-a29a-cf86d364fa7a	f2c543cc-5f46-435b-a240-3fff56e30d57.wgs.sanger_raw_pindel.raw_somatic_mutation.vcf.gz	Simple Nucleotide Variation	Raw Simple Somatic Mutation	TCGA-LUSC	TCGA-85-8479, TCGA-85-8479	TCGA-85-8479-10A, TCGA-85-8479-01A	Blood Derived Normal, Primary Tumor
efcf685d-790e-4c8c-b59c-1ce66fbd546c	f0e3f096-360f-4962-9567-adffc035aa3e.wgs.ASCAT.copy_number_variation.seg.txt	Copy Number Variation	Copy Number Segment	TCGA-LUSC	TCGA-33-A4WN, TCGA-33-A4WN	TCGA-33-A4WN-01A, TCGA-33-A4WN-10A	Primary Tumor, Blood Derived Normal
5af98b0d-c238-4947-aa29-3cbace285394	fb48633f-6d28-4d5b-b752-c265fa7c6167.wgs.BRASS.raw_structural_variation.vcf.gz	Somatic Structural Variation	Structural Rearrangement	TCGA-LUSC	TCGA-52-7810, TCGA-52-7810	TCGA-52-7810-01A, TCGA-52-7810-10A	Primary Tumor, Blood Derived Normal
eca11a70-6de7-4693-9bd2-bf4030117663	fb48633f-6d28-4d5b-b752-c265fa7c6167.wgs.ASCAT.copy_number_variation.seg.txt	Copy Number Variation	Copy Number Segment	TCGA-LUSC	TCGA-52-7810, TCGA-52-7810	TCGA-52-7810-01A, TCGA-52-7810-10A	Primary Tumor, Blood Derived Normal
7915901e-982f-4549-889a-d61c9a29c1ec	fe6b7f7b-fbbc-410e-9e32-a5b8ce011b6a.wgs.CaVEMan.raw_somatic_mutation.vcf.gz	Simple Nucleotide Variation	Raw Simple Somatic Mutation	TCGA-LUSC	TCGA-98-A53A, TCGA-98-A53A	TCGA-98-A53A-10A, TCGA-98-A53A-01A	Blood Derived Normal, Primary Tumor
0e1cc397-44ec-4dbc-b69f-3743ce967c1a	fe6b7f7b-fbbc-410e-9e32-a5b8ce011b6a.wgs.BRASS.raw_structural_variation.vcf.gz	Somatic Structural Variation	Structural Rearrangement	TCGA-LUSC	TCGA-98-A53A, TCGA-98-A53A	TCGA-98-A53A-10A, TCGA-98-A53A-01A	Blood Derived Normal, Primary Tumor
07de9c7b-9e7e-44e2-8d1a-a83bd285a615	fc9ff5e7-61d5-47fe-9281-bedb09f0624c.wgs.sanger_raw_pindel.raw_somatic_mutation.vcf.gz	Simple Nucleotide Variation	Raw Simple Somatic Mutation	TCGA-LUSC	TCGA-XC-AA0X, TCGA-XC-AA0X	TCGA-XC-AA0X-01A, TCGA-XC-AA0X-10A	Primary Tumor, Blood Derived Normal
5dbbabea-3500-4275-9d4f-5aa8f0e86bde	8aa6e314-973a-4c61-a39b-82ea8a0d197e.wgs.BRASS.rerun_structural_variation.bedpe	Somatic Structural Variation	Structural Rearrangement	TCGA-LUSC	TCGA-XC-AA0X, TCGA-XC-AA0X	TCGA-XC-AA0X-01A, TCGA-XC-AA0X-10A	Primary Tumor, Blood Derived Normal
04078bdc-16ee-4c5a-8d23-5be6e1e5995c	fc9ff5e7-61d5-47fe-9281-bedb09f0624c.wgs.CaVEMan.raw_somatic_mutation.vcf.gz	Simple Nucleotide Variation	Raw Simple Somatic Mutation	TCGA-LUSC	TCGA-XC-AA0X, TCGA-XC-AA0X	TCGA-XC-AA0X-01A, TCGA-XC-AA0X-10A	Primary Tumor, Blood Derived Normal
48487a9a-8bb2-41d6-b93b-b550df74b280	fc9ff5e7-61d5-47fe-9281-bedb09f0624c.wgs.BRASS.raw_structural_variation.vcf.gz	Somatic Structural Variation	Structural Rearrangement	TCGA-LUSC	TCGA-XC-AA0X, TCGA-XC-AA0X	TCGA-XC-AA0X-01A, TCGA-XC-AA0X-10A	Primary Tumor, Blood Derived Normal
36c4c144-4d67-4ea3-bc9b-f53bf4be73ef	5cf8567d-8a72-42d4-bb16-2a10bb5dacf1.wgs.sanger_raw_pindel.raw_somatic_mutation.vcf.gz	Simple Nucleotide Variation	Raw Simple Somatic Mutation	TCGA-LUSC	TCGA-90-6837, TCGA-90-6837	TCGA-90-6837-01A, TCGA-90-6837-10A	Primary Tumor, Blood Derived Normal
fe7cb73d-bc15-4295-bcde-102f16e1f66b	5cf8567d-8a72-42d4-bb16-2a10bb5dacf1.wgs.CaVEMan.raw_somatic_mutation.vcf.gz	Simple Nucleotide Variation	Raw Simple Somatic Mutation	TCGA-LUSC	TCGA-90-6837, TCGA-90-6837	TCGA-90-6837-01A, TCGA-90-6837-10A	Primary Tumor, Blood Derived Normal
e4ea69ed-d25e-421f-942f-4c586778e87b	c242f484-ecd9-45b2-b0aa-cc7a5b2f50f3.wgs.ASCAT.copy_number_variation.seg.txt	Copy Number Variation	Copy Number Segment	TCGA-LUSC	TCGA-J1-A4AH, TCGA-J1-A4AH	TCGA-J1-A4AH-01A, TCGA-J1-A4AH-10A	Primary Tumor, Blood Derived Normal
ef592ee9-8bbe-4ac4-98b4-f132a45100a8	27cca99a-2e9b-4bb4-9104-f3201e5b32b7.wgs.sanger_raw_pindel.raw_somatic_mutation.vcf.gz	Simple Nucleotide Variation	Raw Simple Somatic Mutation	TCGA-LUSC	TCGA-90-7766, TCGA-90-7766	TCGA-90-7766-10A, TCGA-90-7766-01A	Blood Derived Normal, Primary Tumor
d345a5dc-60d7-4fbc-85af-cf3f91163628	75de6374-86e9-49f9-ac40-6c4cde04f93c.wgs.ASCAT.copy_number_variation.seg.txt	Copy Number Variation	Copy Number Segment	TCGA-LUSC	TCGA-56-8623, TCGA-56-8623	TCGA-56-8623-10A, TCGA-56-8623-01A	Blood Derived Normal, Primary Tumor
79c4c8d5-183c-49d5-9c53-4ece89b9b766	920652db-96fa-4cdd-b7de-3acb052c5ac3.wgs.BRASS.rerun_structural_variation.bedpe.gz	Somatic Structural Variation	Structural Rearrangement	TCGA-LUSC	TCGA-56-8623, TCGA-56-8623	TCGA-56-8623-10A, TCGA-56-8623-01A	Blood Derived Normal, Primary Tumor
1480b31a-12f0-4129-b76a-73e93e9399cb	75de6374-86e9-49f9-ac40-6c4cde04f93c.wgs.BRASS.raw_structural_variation.vcf.gz	Somatic Structural Variation	Structural Rearrangement	TCGA-LUSC	TCGA-56-8623, TCGA-56-8623	TCGA-56-8623-10A, TCGA-56-8623-01A	Blood Derived Normal, Primary Tumor
ac09620a-2469-4336-b377-0c3377e5ef15	75de6374-86e9-49f9-ac40-6c4cde04f93c.wgs.CaVEMan.raw_somatic_mutation.vcf.gz	Simple Nucleotide Variation	Raw Simple Somatic Mutation	TCGA-LUSC	TCGA-56-8623, TCGA-56-8623	TCGA-56-8623-10A, TCGA-56-8623-01A	Blood Derived Normal, Primary Tumor
0db2766d-8f69-433d-be1b-2a4867e7e0da	d259761e-5a90-486d-b2b6-ddfb4db7dd8b.wgs.ASCAT.copy_number_variation.seg.txt	Copy Number Variation	Copy Number Segment	TCGA-LUSC	TCGA-94-7033, TCGA-94-7033	TCGA-94-7033-10A, TCGA-94-7033-01A	Blood Derived Normal, Primary Tumor
49e8aa7a-4c36-4db8-9887-722ee85d0b8c	d259761e-5a90-486d-b2b6-ddfb4db7dd8b.wgs.sanger_raw_pindel.raw_somatic_mutation.vcf.gz	Simple Nucleotide Variation	Raw Simple Somatic Mutation	TCGA-LUSC	TCGA-94-7033, TCGA-94-7033	TCGA-94-7033-10A, TCGA-94-7033-01A	Blood Derived Normal, Primary Tumor
c5bea35e-2149-47b9-9399-897b04b47090	5cf8567d-8a72-42d4-bb16-2a10bb5dacf1.wgs.ASCAT.copy_number_variation.seg.txt	Copy Number Variation	Copy Number Segment	TCGA-LUSC	TCGA-90-6837, TCGA-90-6837	TCGA-90-6837-01A, TCGA-90-6837-10A	Primary Tumor, Blood Derived Normal
085ff13e-f579-4c26-837f-34bc91e22a14	17525faf-a946-4f69-a5b4-acf77026c1bd.wgs.BRASS.rerun_structural_variation.bedpe.gz	Somatic Structural Variation	Structural Rearrangement	TCGA-LUSC	TCGA-90-6837, TCGA-90-6837	TCGA-90-6837-01A, TCGA-90-6837-10A	Primary Tumor, Blood Derived Normal
874c33eb-195b-4041-b6bc-5bf2f808bf7a	5cf8567d-8a72-42d4-bb16-2a10bb5dacf1.wgs.BRASS.raw_structural_variation.vcf.gz	Somatic Structural Variation	Structural Rearrangement	TCGA-LUSC	TCGA-90-6837, TCGA-90-6837	TCGA-90-6837-01A, TCGA-90-6837-10A	Primary Tumor, Blood Derived Normal
9360956a-1c29-4cf3-a03b-43a575676db7	88202ed5-28c0-49e2-ac4d-18ddd48feded.wgs.BRASS.rerun_structural_variation.bedpe.gz	Somatic Structural Variation	Structural Rearrangement	TCGA-LUSC	TCGA-21-1081, TCGA-21-1081	TCGA-21-1081-10B, TCGA-21-1081-01A	Blood Derived Normal, Primary Tumor
19fbe2f4-76b6-4f7d-a956-646428970896	27cca99a-2e9b-4bb4-9104-f3201e5b32b7.wgs.BRASS.raw_structural_variation.vcf.gz	Somatic Structural Variation	Structural Rearrangement	TCGA-LUSC	TCGA-90-7766, TCGA-90-7766	TCGA-90-7766-10A, TCGA-90-7766-01A	Blood Derived Normal, Primary Tumor
8abb20c6-2e5a-471e-86d0-9f953fe12e43	9bdcc390-1fd2-4ed0-9d06-ba35cad665ba.wgs.CaVEMan.raw_somatic_mutation.vcf.gz	Simple Nucleotide Variation	Raw Simple Somatic Mutation	TCGA-LUSC	TCGA-96-7545, TCGA-96-7545	TCGA-96-7545-01A, TCGA-96-7545-10A	Primary Tumor, Blood Derived Normal
5bba7d0e-e69a-438f-a711-76ca9a40f3ff	5ae88ff4-b750-4eae-9991-e6b1c9145d97.wgs.ASCAT.copy_number_variation.seg.txt	Copy Number Variation	Copy Number Segment	TCGA-LUSC	TCGA-21-1081, TCGA-21-1081	TCGA-21-1081-10B, TCGA-21-1081-01A	Blood Derived Normal, Primary Tumor
33ac2526-c7cc-473a-ac1a-a2b2d73f9d13	5ae88ff4-b750-4eae-9991-e6b1c9145d97.wgs.BRASS.raw_structural_variation.vcf.gz	Somatic Structural Variation	Structural Rearrangement	TCGA-LUSC	TCGA-21-1081, TCGA-21-1081	TCGA-21-1081-10B, TCGA-21-1081-01A	Blood Derived Normal, Primary Tumor
de1ae682-c80e-4293-883a-f56669d5c115	af01ea52-4c9c-40f2-a171-1ac899b393c8.wgs.BRASS.rerun_structural_variation.bedpe.gz	Somatic Structural Variation	Structural Rearrangement	TCGA-LUSC	TCGA-90-7766, TCGA-90-7766	TCGA-90-7766-10A, TCGA-90-7766-01A	Blood Derived Normal, Primary Tumor
7bba9f39-68a3-4c91-aed4-d0eb75467b0d	27cca99a-2e9b-4bb4-9104-f3201e5b32b7.wgs.ASCAT.copy_number_variation.seg.txt	Copy Number Variation	Copy Number Segment	TCGA-LUSC	TCGA-90-7766, TCGA-90-7766	TCGA-90-7766-10A, TCGA-90-7766-01A	Blood Derived Normal, Primary Tumor
c8e7f1cd-496f-4322-949e-24e09976e0d6	db921836-29cf-4a8e-81bc-9c225bc35878.wgs.BRASS.rerun_structural_variation.bedpe.gz	Somatic Structural Variation	Structural Rearrangement	TCGA-LUSC	TCGA-94-7033, TCGA-94-7033	TCGA-94-7033-10A, TCGA-94-7033-01A	Blood Derived Normal, Primary Tumor
369bb019-0e43-44df-844f-4a6a900b3b8d	d259761e-5a90-486d-b2b6-ddfb4db7dd8b.wgs.CaVEMan.raw_somatic_mutation.vcf.gz	Simple Nucleotide Variation	Raw Simple Somatic Mutation	TCGA-LUSC	TCGA-94-7033, TCGA-94-7033	TCGA-94-7033-10A, TCGA-94-7033-01A	Blood Derived Normal, Primary Tumor
8c1b24c8-c047-45e0-8760-480d83c0c5ea	6586be1d-b3b4-47b4-b973-0282046479d3.wgs.BRASS.rerun_structural_variation.bedpe	Somatic Structural Variation	Structural Rearrangement	TCGA-LUSC	TCGA-J1-A4AH, TCGA-J1-A4AH	TCGA-J1-A4AH-01A, TCGA-J1-A4AH-10A	Primary Tumor, Blood Derived Normal
b1bdb360-336b-4053-a169-dec1bdb70a53	9bdcc390-1fd2-4ed0-9d06-ba35cad665ba.wgs.ASCAT.copy_number_variation.seg.txt	Copy Number Variation	Copy Number Segment	TCGA-LUSC	TCGA-96-7545, TCGA-96-7545	TCGA-96-7545-01A, TCGA-96-7545-10A	Primary Tumor, Blood Derived Normal
26f052f3-6a1c-4e19-bfcd-0dcca1f506b8	c242f484-ecd9-45b2-b0aa-cc7a5b2f50f3.wgs.CaVEMan.raw_somatic_mutation.vcf.gz	Simple Nucleotide Variation	Raw Simple Somatic Mutation	TCGA-LUSC	TCGA-J1-A4AH, TCGA-J1-A4AH	TCGA-J1-A4AH-01A, TCGA-J1-A4AH-10A	Primary Tumor, Blood Derived Normal
877da749-172b-4a59-9220-eb658fdec1ff	9bdcc390-1fd2-4ed0-9d06-ba35cad665ba.wgs.BRASS.raw_structural_variation.vcf.gz	Somatic Structural Variation	Structural Rearrangement	TCGA-LUSC	TCGA-96-7545, TCGA-96-7545	TCGA-96-7545-01A, TCGA-96-7545-10A	Primary Tumor, Blood Derived Normal
11ba90c9-14bc-4306-9827-2aa292cb4236	9bdcc390-1fd2-4ed0-9d06-ba35cad665ba.wgs.sanger_raw_pindel.raw_somatic_mutation.vcf.gz	Simple Nucleotide Variation	Raw Simple Somatic Mutation	TCGA-LUSC	TCGA-96-7545, TCGA-96-7545	TCGA-96-7545-01A, TCGA-96-7545-10A	Primary Tumor, Blood Derived Normal
2d6ffabd-756c-406f-b29d-0d0ffc677d53	c62199d9-c2e7-4104-bb6a-01e6a0014a35.wgs.BRASS.rerun_structural_variation.bedpe.gz	Somatic Structural Variation	Structural Rearrangement	TCGA-LUSC	TCGA-96-7545, TCGA-96-7545	TCGA-96-7545-01A, TCGA-96-7545-10A	Primary Tumor, Blood Derived Normal
6b9497a9-5e5c-4993-9699-622c385343e2	5ae88ff4-b750-4eae-9991-e6b1c9145d97.wgs.sanger_raw_pindel.raw_somatic_mutation.vcf.gz	Simple Nucleotide Variation	Raw Simple Somatic Mutation	TCGA-LUSC	TCGA-21-1081, TCGA-21-1081	TCGA-21-1081-10B, TCGA-21-1081-01A	Blood Derived Normal, Primary Tumor
56b8575c-244c-48af-8e31-7980ef744a43	5ae88ff4-b750-4eae-9991-e6b1c9145d97.wgs.CaVEMan.raw_somatic_mutation.vcf.gz	Simple Nucleotide Variation	Raw Simple Somatic Mutation	TCGA-LUSC	TCGA-21-1081, TCGA-21-1081	TCGA-21-1081-10B, TCGA-21-1081-01A	Blood Derived Normal, Primary Tumor
8f398727-64d9-4ed4-aaf7-6346ab25ae5c	d259761e-5a90-486d-b2b6-ddfb4db7dd8b.wgs.BRASS.raw_structural_variation.vcf.gz	Somatic Structural Variation	Structural Rearrangement	TCGA-LUSC	TCGA-94-7033, TCGA-94-7033	TCGA-94-7033-10A, TCGA-94-7033-01A	Blood Derived Normal, Primary Tumor
9373944a-2b58-4dea-99f6-5f2d62999fa7	75de6374-86e9-49f9-ac40-6c4cde04f93c.wgs.sanger_raw_pindel.raw_somatic_mutation.vcf.gz	Simple Nucleotide Variation	Raw Simple Somatic Mutation	TCGA-LUSC	TCGA-56-8623, TCGA-56-8623	TCGA-56-8623-10A, TCGA-56-8623-01A	Blood Derived Normal, Primary Tumor
3e6c95cb-239c-4d2a-b1d2-0db5febe227c	62051f6b-1c89-4866-8803-dd726e84cc2e.wgs.ASCAT.copy_number_variation.seg.txt	Copy Number Variation	Copy Number Segment	TCGA-LUSC	TCGA-77-7465, TCGA-77-7465	TCGA-77-7465-10A, TCGA-77-7465-01A	Blood Derived Normal, Primary Tumor
a27560ba-38ce-4ab9-b9ab-2fa70b5d360e	f5ab3dfd-d414-449a-9a7a-0000703e0b85.wgs.BRASS.rerun_structural_variation.bedpe	Somatic Structural Variation	Structural Rearrangement	TCGA-LUSC	TCGA-85-A4QR, TCGA-85-A4QR	TCGA-85-A4QR-01A, TCGA-85-A4QR-10A	Primary Tumor, Blood Derived Normal
86dfe811-18b1-4b07-8c96-2f960b1c3d3c	1d6d39c4-b0e1-4d49-ac1d-384212229d5c.wgs.BRASS.raw_structural_variation.vcf.gz	Somatic Structural Variation	Structural Rearrangement	TCGA-LUSC	TCGA-34-5927, TCGA-34-5927	TCGA-34-5927-10A, TCGA-34-5927-01A	Blood Derived Normal, Primary Tumor
c42e2a9c-77b2-45a1-af4c-451c053c48bb	1d6d39c4-b0e1-4d49-ac1d-384212229d5c.wgs.sanger_raw_pindel.raw_somatic_mutation.vcf.gz	Simple Nucleotide Variation	Raw Simple Somatic Mutation	TCGA-LUSC	TCGA-34-5927, TCGA-34-5927	TCGA-34-5927-10A, TCGA-34-5927-01A	Blood Derived Normal, Primary Tumor
2137a3ff-78e9-49f4-a092-1ea1f3e74a67	7b037a9c-52bc-4fb4-9dda-c0d06ed3dafb.wgs.BRASS.rerun_structural_variation.bedpe.gz	Somatic Structural Variation	Structural Rearrangement	TCGA-LUSC	TCGA-34-5927, TCGA-34-5927	TCGA-34-5927-10A, TCGA-34-5927-01A	Blood Derived Normal, Primary Tumor
fbe64b68-c575-4a40-924a-de7e47187720	932a6293-7f9f-468f-9b84-0f8451c23a61.wgs.BRASS.rerun_structural_variation.bedpe.gz	Somatic Structural Variation	Structural Rearrangement	TCGA-LUSC	TCGA-85-6561, TCGA-85-6561	TCGA-85-6561-01A, TCGA-85-6561-10A	Primary Tumor, Blood Derived Normal
6595edc7-498a-4a4f-be34-a1d56b96f931	ebfb16f0-0e96-4a50-840a-a6693d762493.wgs.CaVEMan.raw_somatic_mutation.vcf.gz	Simple Nucleotide Variation	Raw Simple Somatic Mutation	TCGA-LUSC	TCGA-85-6561, TCGA-85-6561	TCGA-85-6561-01A, TCGA-85-6561-10A	Primary Tumor, Blood Derived Normal
9220b779-cde5-4d43-bf56-fdbc4f93f902	2bb32e69-fe20-46e2-9d5f-96f8b020ee59.wgs.BRASS.rerun_structural_variation.bedpe.gz	Somatic Structural Variation	Structural Rearrangement	TCGA-LUSC	TCGA-63-7020, TCGA-63-7020	TCGA-63-7020-10A, TCGA-63-7020-01A	Blood Derived Normal, Primary Tumor
7e922fe3-d213-4fb7-a88e-fce08f1269a3	1843c280-8349-4343-85b2-c7908420b483.wgs.BRASS.rerun_structural_variation.bedpe.gz	Somatic Structural Variation	Structural Rearrangement	TCGA-LUSC	TCGA-85-8353, TCGA-85-8353	TCGA-85-8353-10A, TCGA-85-8353-01A	Blood Derived Normal, Primary Tumor
9fda2988-a7bb-44c9-8e81-9d5b60f2ec65	32c1fcc3-562e-4813-bdcc-8bac4983f5bd.wgs.sanger_raw_pindel.raw_somatic_mutation.vcf.gz	Simple Nucleotide Variation	Raw Simple Somatic Mutation	TCGA-LUSC	TCGA-85-8353, TCGA-85-8353	TCGA-85-8353-10A, TCGA-85-8353-01A	Blood Derived Normal, Primary Tumor
563f742a-5daa-45ed-9f60-b1a3499a4c59	2b4d1024-343e-40ef-ac79-a187184f4956.wgs.sanger_raw_pindel.raw_somatic_mutation.vcf.gz	Simple Nucleotide Variation	Raw Simple Somatic Mutation	TCGA-LUSC	TCGA-63-A5MT, TCGA-63-A5MT	TCGA-63-A5MT-01A, TCGA-63-A5MT-10A	Primary Tumor, Blood Derived Normal
7b6cfeed-e44e-4e8e-9398-f9f253582fdc	d04b716e-5e40-4dc5-ba67-505fd77fedae.wgs.BRASS.rerun_structural_variation.bedpe.gz	Somatic Structural Variation	Structural Rearrangement	TCGA-LUSC	TCGA-34-5239, TCGA-34-5239	TCGA-34-5239-01A, TCGA-34-5239-10A	Primary Tumor, Blood Derived Normal
003899b4-0222-4924-911b-7ae90d3534b7	703c3593-8f8f-4d8b-a1bf-3eadc806e980.wgs.sanger_raw_pindel.raw_somatic_mutation.vcf.gz	Simple Nucleotide Variation	Raw Simple Somatic Mutation	TCGA-LUSC	TCGA-34-5239, TCGA-34-5239	TCGA-34-5239-01A, TCGA-34-5239-10A	Primary Tumor, Blood Derived Normal
15983ca8-9f29-4495-a4ac-5ba6df4540b5	2514df3e-72ec-40e5-88d0-ce1dfb3ccd73.wgs.ASCAT.copy_number_variation.seg.txt	Copy Number Variation	Copy Number Segment	TCGA-LUSC	TCGA-34-5241, TCGA-34-5241	TCGA-34-5241-10A, TCGA-34-5241-01A	Blood Derived Normal, Primary Tumor
7327f52e-f56c-471b-b79d-941964b7e4c8	de5abd74-4849-4fd7-bb45-17f9956c8aa1.wgs.BRASS.rerun_structural_variation.bedpe.gz	Somatic Structural Variation	Structural Rearrangement	TCGA-LUSC	TCGA-34-5241, TCGA-34-5241	TCGA-34-5241-10A, TCGA-34-5241-01A	Blood Derived Normal, Primary Tumor
70defb7c-1d43-4ca7-9656-e148b3f53b64	2514df3e-72ec-40e5-88d0-ce1dfb3ccd73.wgs.CaVEMan.raw_somatic_mutation.vcf.gz	Simple Nucleotide Variation	Raw Simple Somatic Mutation	TCGA-LUSC	TCGA-34-5241, TCGA-34-5241	TCGA-34-5241-10A, TCGA-34-5241-01A	Blood Derived Normal, Primary Tumor
81c80a90-d312-42ec-98a8-22e72b704191	2514df3e-72ec-40e5-88d0-ce1dfb3ccd73.wgs.BRASS.raw_structural_variation.vcf.gz	Somatic Structural Variation	Structural Rearrangement	TCGA-LUSC	TCGA-34-5241, TCGA-34-5241	TCGA-34-5241-10A, TCGA-34-5241-01A	Blood Derived Normal, Primary Tumor
3f8708b0-c036-4291-be1d-e8707bd7055e	f8777da1-d1ba-4ca7-9d65-a57b7061b6c4.wgs.ASCAT.copy_number_variation.seg.txt	Copy Number Variation	Copy Number Segment	TCGA-LUSC	TCGA-85-6798, TCGA-85-6798	TCGA-85-6798-01A, TCGA-85-6798-10A	Primary Tumor, Blood Derived Normal
9d44300c-e3f6-4abb-ac2d-dec555f1368f	f8777da1-d1ba-4ca7-9d65-a57b7061b6c4.wgs.CaVEMan.raw_somatic_mutation.vcf.gz	Simple Nucleotide Variation	Raw Simple Somatic Mutation	TCGA-LUSC	TCGA-85-6798, TCGA-85-6798	TCGA-85-6798-01A, TCGA-85-6798-10A	Primary Tumor, Blood Derived Normal
7b78bfb9-43da-41ca-8b00-9f244fd74cc8	f8777da1-d1ba-4ca7-9d65-a57b7061b6c4.wgs.sanger_raw_pindel.raw_somatic_mutation.vcf.gz	Simple Nucleotide Variation	Raw Simple Somatic Mutation	TCGA-LUSC	TCGA-85-6798, TCGA-85-6798	TCGA-85-6798-01A, TCGA-85-6798-10A	Primary Tumor, Blood Derived Normal
2d190203-6faa-4b6f-9d87-c35e5fd36626	f8777da1-d1ba-4ca7-9d65-a57b7061b6c4.wgs.BRASS.raw_structural_variation.vcf.gz	Somatic Structural Variation	Structural Rearrangement	TCGA-LUSC	TCGA-85-6798, TCGA-85-6798	TCGA-85-6798-01A, TCGA-85-6798-10A	Primary Tumor, Blood Derived Normal
5cc16d2c-0067-4314-b947-9a1268323fef	75ed0668-d333-46c3-8e9c-912b5a61592c.wgs.BRASS.rerun_structural_variation.bedpe.gz	Somatic Structural Variation	Structural Rearrangement	TCGA-LUSC	TCGA-85-6798, TCGA-85-6798	TCGA-85-6798-01A, TCGA-85-6798-10A	Primary Tumor, Blood Derived Normal
e809aeea-27d2-47e0-a212-055ee64a12a2	b23fbf81-819e-42ec-b44d-1064f0fe7222.wgs.ASCAT.copy_number_variation.seg.txt	Copy Number Variation	Copy Number Segment	TCGA-LUSC	TCGA-56-8083, TCGA-56-8083	TCGA-56-8083-10A, TCGA-56-8083-01A	Blood Derived Normal, Primary Tumor
2ffdc5df-6159-4993-aa12-1488cd83aa06	b23fbf81-819e-42ec-b44d-1064f0fe7222.wgs.BRASS.raw_structural_variation.vcf.gz	Somatic Structural Variation	Structural Rearrangement	TCGA-LUSC	TCGA-56-8083, TCGA-56-8083	TCGA-56-8083-10A, TCGA-56-8083-01A	Blood Derived Normal, Primary Tumor
08b70890-219f-45de-8138-8b85819d9467	e636717c-c2ee-4c11-aff9-5bbe27c5e134.wgs.BRASS.raw_structural_variation.vcf.gz	Somatic Structural Variation	Structural Rearrangement	TCGA-LUSC	TCGA-85-8277, TCGA-85-8277	TCGA-85-8277-10A, TCGA-85-8277-01A	Blood Derived Normal, Primary Tumor
2b14948a-30a2-4fad-a718-0ffd49bdd73e	e636717c-c2ee-4c11-aff9-5bbe27c5e134.wgs.ASCAT.copy_number_variation.seg.txt	Copy Number Variation	Copy Number Segment	TCGA-LUSC	TCGA-85-8277, TCGA-85-8277	TCGA-85-8277-10A, TCGA-85-8277-01A	Blood Derived Normal, Primary Tumor
3bcf669a-0ad6-4d4d-bdf5-7da2d9298b65	e636717c-c2ee-4c11-aff9-5bbe27c5e134.wgs.CaVEMan.raw_somatic_mutation.vcf.gz	Simple Nucleotide Variation	Raw Simple Somatic Mutation	TCGA-LUSC	TCGA-85-8277, TCGA-85-8277	TCGA-85-8277-10A, TCGA-85-8277-01A	Blood Derived Normal, Primary Tumor
a265ae1e-af35-4e53-9134-1989c0dec478	d1385651-cfa7-4d00-a709-782367c9994f.wgs.ASCAT.copy_number_variation.seg.txt	Copy Number Variation	Copy Number Segment	TCGA-LUSC	TCGA-98-8023, TCGA-98-8023	TCGA-98-8023-01A, TCGA-98-8023-10A	Primary Tumor, Blood Derived Normal
7b2188fe-e9fa-4b40-af05-cf119720f3f9	d1385651-cfa7-4d00-a709-782367c9994f.wgs.CaVEMan.raw_somatic_mutation.vcf.gz	Simple Nucleotide Variation	Raw Simple Somatic Mutation	TCGA-LUSC	TCGA-98-8023, TCGA-98-8023	TCGA-98-8023-01A, TCGA-98-8023-10A	Primary Tumor, Blood Derived Normal
c89cea85-c4fe-4dc4-924c-00000299f564	3b7f2fc7-32b6-4c8d-81c0-6fffbf877ed8.wgs.BRASS.rerun_structural_variation.bedpe.gz	Somatic Structural Variation	Structural Rearrangement	TCGA-LUSC	TCGA-98-8023, TCGA-98-8023	TCGA-98-8023-01A, TCGA-98-8023-10A	Primary Tumor, Blood Derived Normal
356bbb8c-c710-4f7e-a445-fb4891effeba	2d7cfb46-769b-404e-8178-26c9c99cc72b.wgs.ASCAT.copy_number_variation.seg.txt	Copy Number Variation	Copy Number Segment	TCGA-LUSC	TCGA-21-1082, TCGA-21-1082	TCGA-21-1082-10B, TCGA-21-1082-01A	Blood Derived Normal, Primary Tumor
104002a1-7c88-4e3b-ae0e-0ce6c52be2d0	2d7cfb46-769b-404e-8178-26c9c99cc72b.wgs.sanger_raw_pindel.raw_somatic_mutation.vcf.gz	Simple Nucleotide Variation	Raw Simple Somatic Mutation	TCGA-LUSC	TCGA-21-1082, TCGA-21-1082	TCGA-21-1082-10B, TCGA-21-1082-01A	Blood Derived Normal, Primary Tumor
6b8027fa-0e93-41df-9f79-5998f4c18b13	392b2647-766f-4e28-b003-44891a79ce8b.wgs.sanger_raw_pindel.raw_somatic_mutation.vcf.gz	Simple Nucleotide Variation	Raw Simple Somatic Mutation	TCGA-LUSC	TCGA-58-8393, TCGA-58-8393	TCGA-58-8393-10A, TCGA-58-8393-01A	Blood Derived Normal, Primary Tumor
aac40396-b873-42e9-95bb-6d4274fbfd3c	392b2647-766f-4e28-b003-44891a79ce8b.wgs.BRASS.raw_structural_variation.vcf.gz	Somatic Structural Variation	Structural Rearrangement	TCGA-LUSC	TCGA-58-8393, TCGA-58-8393	TCGA-58-8393-10A, TCGA-58-8393-01A	Blood Derived Normal, Primary Tumor
1a76cd37-8e4d-4633-ae39-0502a91df9b9	7d41fefb-3d6d-4a83-ac8a-c857c6bd84bd.wgs.ASCAT.copy_number_variation.seg.txt	Copy Number Variation	Copy Number Segment	TCGA-LUSC	TCGA-52-7811, TCGA-52-7811	TCGA-52-7811-01A, TCGA-52-7811-10A	Primary Tumor, Blood Derived Normal
52a1e0d4-7cff-4e53-8914-702983af307d	a0c7809b-2a16-457e-91ab-418860c77bc6.wgs.BRASS.rerun_structural_variation.bedpe.gz	Somatic Structural Variation	Structural Rearrangement	TCGA-LUSC	TCGA-58-8393, TCGA-58-8393	TCGA-58-8393-10A, TCGA-58-8393-01A	Blood Derived Normal, Primary Tumor
19306a17-30e7-4582-9ce5-ad49a2b7365b	98ccde86-a2a0-4d6e-b2ba-62f03d3ee2f2.wgs.BRASS.rerun_structural_variation.bedpe.gz	Somatic Structural Variation	Structural Rearrangement	TCGA-LUSC	TCGA-85-8352, TCGA-85-8352	TCGA-85-8352-01A, TCGA-85-8352-10A	Primary Tumor, Blood Derived Normal
62e38d71-38c3-40ec-9f19-b3a5df7bbbd1	dcb7c4ba-7215-4b77-949a-c2d2b783549d.wgs.BRASS.raw_structural_variation.vcf.gz	Somatic Structural Variation	Structural Rearrangement	TCGA-LUSC	TCGA-85-8352, TCGA-85-8352	TCGA-85-8352-01A, TCGA-85-8352-10A	Primary Tumor, Blood Derived Normal
2a078b71-606d-46e5-a00c-71aace7fe97d	dcb7c4ba-7215-4b77-949a-c2d2b783549d.wgs.ASCAT.copy_number_variation.seg.txt	Copy Number Variation	Copy Number Segment	TCGA-LUSC	TCGA-85-8352, TCGA-85-8352	TCGA-85-8352-01A, TCGA-85-8352-10A	Primary Tumor, Blood Derived Normal
cbacfb5c-8cc2-463f-ab12-4e6a441fa30e	5e54ae37-bbd4-4cb9-a1e4-886acd28bdd2.wgs.sanger_raw_pindel.raw_somatic_mutation.vcf.gz	Simple Nucleotide Variation	Raw Simple Somatic Mutation	TCGA-LUSC	TCGA-98-8021, TCGA-98-8021	TCGA-98-8021-01A, TCGA-98-8021-10A	Primary Tumor, Blood Derived Normal
766d591d-cbd4-4935-9732-bc92da88ad18	dcb7c4ba-7215-4b77-949a-c2d2b783549d.wgs.CaVEMan.raw_somatic_mutation.vcf.gz	Simple Nucleotide Variation	Raw Simple Somatic Mutation	TCGA-LUSC	TCGA-85-8352, TCGA-85-8352	TCGA-85-8352-01A, TCGA-85-8352-10A	Primary Tumor, Blood Derived Normal
bcdce37a-d087-4e02-8039-126a30b3bce0	1c657016-b3f5-468b-b973-8d5c19ed5bbe.wgs.BRASS.raw_structural_variation.vcf.gz	Somatic Structural Variation	Structural Rearrangement	TCGA-LUSC	TCGA-70-6723, TCGA-70-6723	TCGA-70-6723-10A, TCGA-70-6723-01A	Blood Derived Normal, Primary Tumor
593adbc1-1fcc-4868-9396-b2c2c801bda3	7761c30d-67b6-4e3e-80a4-835b30b7c4be.wgs.BRASS.rerun_structural_variation.bedpe.gz	Somatic Structural Variation	Structural Rearrangement	TCGA-LUSC	TCGA-70-6723, TCGA-70-6723	TCGA-70-6723-10A, TCGA-70-6723-01A	Blood Derived Normal, Primary Tumor
4b8a60aa-d823-4f99-bedc-960ed1482ad5	5e54ae37-bbd4-4cb9-a1e4-886acd28bdd2.wgs.BRASS.raw_structural_variation.vcf.gz	Somatic Structural Variation	Structural Rearrangement	TCGA-LUSC	TCGA-98-8021, TCGA-98-8021	TCGA-98-8021-01A, TCGA-98-8021-10A	Primary Tumor, Blood Derived Normal
0fc940c9-d7d3-42e9-be24-52d592471a3b	0b2a6149-872f-4178-a7df-d8308cdea3fd.wgs.CaVEMan.raw_somatic_mutation.vcf.gz	Simple Nucleotide Variation	Raw Simple Somatic Mutation	TCGA-LUSC	TCGA-85-7844, TCGA-85-7844	TCGA-85-7844-10A, TCGA-85-7844-01A	Blood Derived Normal, Primary Tumor
1bddc65e-b662-4178-8f9f-fda5bfcd3e05	1c657016-b3f5-468b-b973-8d5c19ed5bbe.wgs.sanger_raw_pindel.raw_somatic_mutation.vcf.gz	Simple Nucleotide Variation	Raw Simple Somatic Mutation	TCGA-LUSC	TCGA-70-6723, TCGA-70-6723	TCGA-70-6723-10A, TCGA-70-6723-01A	Blood Derived Normal, Primary Tumor
5c14f8c4-5623-4f6c-867d-bdfbf26f2945	0b2a6149-872f-4178-a7df-d8308cdea3fd.wgs.BRASS.raw_structural_variation.vcf.gz	Somatic Structural Variation	Structural Rearrangement	TCGA-LUSC	TCGA-85-7844, TCGA-85-7844	TCGA-85-7844-10A, TCGA-85-7844-01A	Blood Derived Normal, Primary Tumor
a339a273-2687-4ee1-aeea-b3cced5c9fe8	34ea70ef-f4e8-42d5-9f2e-dd18fffea9df.wgs.BRASS.rerun_structural_variation.bedpe.gz	Somatic Structural Variation	Structural Rearrangement	TCGA-LUSC	TCGA-85-7844, TCGA-85-7844	TCGA-85-7844-10A, TCGA-85-7844-01A	Blood Derived Normal, Primary Tumor
1243cda9-eb59-4194-8396-d85ecafecb7f	aea01681-bede-417d-a615-0a6a7124fa6c.wgs.sanger_raw_pindel.raw_somatic_mutation.vcf.gz	Simple Nucleotide Variation	Raw Simple Somatic Mutation	TCGA-LUSC	TCGA-37-A5EM, TCGA-37-A5EM	TCGA-37-A5EM-10A, TCGA-37-A5EM-01A	Blood Derived Normal, Primary Tumor
0f150f96-ff12-44da-bfaf-8bb761cf8c54	aea01681-bede-417d-a615-0a6a7124fa6c.wgs.CaVEMan.raw_somatic_mutation.vcf.gz	Simple Nucleotide Variation	Raw Simple Somatic Mutation	TCGA-LUSC	TCGA-37-A5EM, TCGA-37-A5EM	TCGA-37-A5EM-10A, TCGA-37-A5EM-01A	Blood Derived Normal, Primary Tumor
0046cafb-0e21-4829-88b4-6908141beaf7	0b2a6149-872f-4178-a7df-d8308cdea3fd.wgs.sanger_raw_pindel.raw_somatic_mutation.vcf.gz	Simple Nucleotide Variation	Raw Simple Somatic Mutation	TCGA-LUSC	TCGA-85-7844, TCGA-85-7844	TCGA-85-7844-10A, TCGA-85-7844-01A	Blood Derived Normal, Primary Tumor
b69def64-7676-43bd-b10a-1c8e8799d6b2	5920a413-3753-4755-a10a-e94e6db880a4.wgs.sanger_raw_pindel.raw_somatic_mutation.vcf.gz	Simple Nucleotide Variation	Raw Simple Somatic Mutation	TCGA-LUSC	TCGA-58-8386, TCGA-58-8386	TCGA-58-8386-01A, TCGA-58-8386-10A	Primary Tumor, Blood Derived Normal
8403ee14-eae9-42d3-8bec-7d15565d503d	73e9eef8-2b24-4fc2-84de-a35419cf91de.wgs.BRASS.rerun_structural_variation.bedpe.gz	Somatic Structural Variation	Structural Rearrangement	TCGA-LUSC	TCGA-58-8386, TCGA-58-8386	TCGA-58-8386-01A, TCGA-58-8386-10A	Primary Tumor, Blood Derived Normal
0bb8718c-5081-4332-b9e7-c879339569af	1c355427-530c-4042-a1f1-7c1cad140b8b.wgs.sanger_raw_pindel.raw_somatic_mutation.vcf.gz	Simple Nucleotide Variation	Raw Simple Somatic Mutation	TCGA-LUSC	TCGA-56-8629, TCGA-56-8629	TCGA-56-8629-01A, TCGA-56-8629-10A	Primary Tumor, Blood Derived Normal
af22c08a-ecc5-450a-9dad-729c289a39af	6a5c4bc7-09c6-47f5-a735-4c178dd4e8ae.wgs.CaVEMan.raw_somatic_mutation.vcf.gz	Simple Nucleotide Variation	Raw Simple Somatic Mutation	TCGA-LUSC	TCGA-94-8035, TCGA-94-8035	TCGA-94-8035-10A, TCGA-94-8035-01A	Blood Derived Normal, Primary Tumor
3f760447-1c74-461e-85e5-03b5587d1bf7	83998a9c-7df4-4891-83c8-f7c846fa8608.wgs.BRASS.rerun_structural_variation.bedpe.gz	Somatic Structural Variation	Structural Rearrangement	TCGA-LUSC	TCGA-85-6175, TCGA-85-6175	TCGA-85-6175-01A, TCGA-85-6175-10A	Primary Tumor, Blood Derived Normal
42de9fea-78dd-4f4b-955a-eaffa4489f26	58c18803-6d97-4e6e-b095-cc81aaf995c5.wgs.sanger_raw_pindel.raw_somatic_mutation.vcf.gz	Simple Nucleotide Variation	Raw Simple Somatic Mutation	TCGA-LUSC	TCGA-34-5234, TCGA-34-5234	TCGA-34-5234-10A, TCGA-34-5234-01A	Blood Derived Normal, Primary Tumor
5930efa4-d77f-411f-8c4a-7652b779ca71	514bbe99-1ce0-4c09-8931-d41b44758a86.wgs.ASCAT.copy_number_variation.seg.txt	Copy Number Variation	Copy Number Segment	TCGA-LUSC	TCGA-63-7023, TCGA-63-7023	TCGA-63-7023-10A, TCGA-63-7023-01A	Blood Derived Normal, Primary Tumor
0329aaaa-cf8c-449c-991b-4983ac99b420	d786c9e8-82fe-41e9-a008-f03e91293404.wgs.BRASS.rerun_structural_variation.bedpe.gz	Somatic Structural Variation	Structural Rearrangement	TCGA-LUSC	TCGA-63-7023, TCGA-63-7023	TCGA-63-7023-10A, TCGA-63-7023-01A	Blood Derived Normal, Primary Tumor
0c30f1c9-ff8f-47b0-a4b3-035149b9816f	514bbe99-1ce0-4c09-8931-d41b44758a86.wgs.BRASS.raw_structural_variation.vcf.gz	Somatic Structural Variation	Structural Rearrangement	TCGA-LUSC	TCGA-63-7023, TCGA-63-7023	TCGA-63-7023-10A, TCGA-63-7023-01A	Blood Derived Normal, Primary Tumor
7a20df81-abe4-4056-89d6-79091cb1da75	c1715c13-0849-4faf-9dd3-f691bdb8129c.wgs.ASCAT.copy_number_variation.seg.txt	Copy Number Variation	Copy Number Segment	TCGA-LUSC	TCGA-56-7223, TCGA-56-7223	TCGA-56-7223-01A, TCGA-56-7223-10A	Primary Tumor, Blood Derived Normal
a3532ac3-c320-4dbc-a727-0cea6ff9b305	ee43b511-44d4-4466-a59e-67fae369046e.wgs.ASCAT.copy_number_variation.seg.txt	Copy Number Variation	Copy Number Segment	TCGA-LUSC	TCGA-68-7755, TCGA-68-7755	TCGA-68-7755-10A, TCGA-68-7755-01A	Blood Derived Normal, Primary Tumor
f25bdec1-52cf-4137-b5b8-9d49227c74ec	c1715c13-0849-4faf-9dd3-f691bdb8129c.wgs.sanger_raw_pindel.raw_somatic_mutation.vcf.gz	Simple Nucleotide Variation	Raw Simple Somatic Mutation	TCGA-LUSC	TCGA-56-7223, TCGA-56-7223	TCGA-56-7223-01A, TCGA-56-7223-10A	Primary Tumor, Blood Derived Normal
1e191ad0-c88b-4281-8fc0-97818b1e2160	ee43b511-44d4-4466-a59e-67fae369046e.wgs.sanger_raw_pindel.raw_somatic_mutation.vcf.gz	Simple Nucleotide Variation	Raw Simple Somatic Mutation	TCGA-LUSC	TCGA-68-7755, TCGA-68-7755	TCGA-68-7755-10A, TCGA-68-7755-01A	Blood Derived Normal, Primary Tumor
5651bded-142a-424c-a2ca-6437fcd2367b	e452be3b-5a11-4ef7-a350-89e33b7229a3.wgs.CaVEMan.raw_somatic_mutation.vcf.gz	Simple Nucleotide Variation	Raw Simple Somatic Mutation	TCGA-LUSC	TCGA-85-8584, TCGA-85-8584	TCGA-85-8584-10A, TCGA-85-8584-01A	Blood Derived Normal, Primary Tumor
dcae21c4-d8c5-4ba0-b6c9-5b999d9e1606	e452be3b-5a11-4ef7-a350-89e33b7229a3.wgs.ASCAT.copy_number_variation.seg.txt	Copy Number Variation	Copy Number Segment	TCGA-LUSC	TCGA-85-8584, TCGA-85-8584	TCGA-85-8584-10A, TCGA-85-8584-01A	Blood Derived Normal, Primary Tumor
69e0de10-74c7-4f46-8fb5-bdd2b5c790f9	5e06a5fe-3d74-4df8-9239-ff82d06e8d96.wgs.CaVEMan.raw_somatic_mutation.vcf.gz	Simple Nucleotide Variation	Raw Simple Somatic Mutation	TCGA-LUSC	TCGA-77-8154, TCGA-77-8154	TCGA-77-8154-01A, TCGA-77-8154-10A	Primary Tumor, Blood Derived Normal
92c7f82b-74e4-45f3-a426-f441f42aec8c	92b4df23-a5df-4831-9f8d-68176cce828b.wgs.BRASS.rerun_structural_variation.bedpe.gz	Somatic Structural Variation	Structural Rearrangement	TCGA-LUSC	TCGA-77-8154, TCGA-77-8154	TCGA-77-8154-01A, TCGA-77-8154-10A	Primary Tumor, Blood Derived Normal
17bc2e3e-86ad-41bb-9d76-bcabb6fbd434	31d2a0dd-c302-417e-bc56-755598a01e34.wgs.ASCAT.copy_number_variation.seg.txt	Copy Number Variation	Copy Number Segment	TCGA-LUSC	TCGA-77-8146, TCGA-77-8146	TCGA-77-8146-01A, TCGA-77-8146-10A	Primary Tumor, Blood Derived Normal
f4b5ef2c-2212-4875-a269-0408e519dd23	31d2a0dd-c302-417e-bc56-755598a01e34.wgs.sanger_raw_pindel.raw_somatic_mutation.vcf.gz	Simple Nucleotide Variation	Raw Simple Somatic Mutation	TCGA-LUSC	TCGA-77-8146, TCGA-77-8146	TCGA-77-8146-01A, TCGA-77-8146-10A	Primary Tumor, Blood Derived Normal
f99f83a0-949b-40ab-85e4-9b217ef6ec96	c8b96457-c10e-4215-90c5-d49381f721e0.wgs.BRASS.rerun_structural_variation.bedpe.gz	Somatic Structural Variation	Structural Rearrangement	TCGA-LUSC	TCGA-77-8146, TCGA-77-8146	TCGA-77-8146-01A, TCGA-77-8146-10A	Primary Tumor, Blood Derived Normal
b2d69d31-afb7-4f88-ade1-0e2b692c1acc	8fa5bdbb-27c7-4748-bbf1-603a12b866f4.wgs.BRASS.raw_structural_variation.vcf.gz	Somatic Structural Variation	Structural Rearrangement	TCGA-LUSC	TCGA-85-A4CN, TCGA-85-A4CN	TCGA-85-A4CN-01A, TCGA-85-A4CN-10A	Primary Tumor, Blood Derived Normal
20b8b062-1fdf-42bf-9563-bd4caab1761f	8fa5bdbb-27c7-4748-bbf1-603a12b866f4.wgs.sanger_raw_pindel.raw_somatic_mutation.vcf.gz	Simple Nucleotide Variation	Raw Simple Somatic Mutation	TCGA-LUSC	TCGA-85-A4CN, TCGA-85-A4CN	TCGA-85-A4CN-01A, TCGA-85-A4CN-10A	Primary Tumor, Blood Derived Normal
e336f47b-0a7e-43b7-bb70-82dc236a1b5a	8fa5bdbb-27c7-4748-bbf1-603a12b866f4.wgs.CaVEMan.raw_somatic_mutation.vcf.gz	Simple Nucleotide Variation	Raw Simple Somatic Mutation	TCGA-LUSC	TCGA-85-A4CN, TCGA-85-A4CN	TCGA-85-A4CN-01A, TCGA-85-A4CN-10A	Primary Tumor, Blood Derived Normal
7e2098f6-171f-4866-8e8b-d5294c2453f1	3f85d517-134b-4594-b065-e60b07cfe7cf.wgs.CaVEMan.raw_somatic_mutation.vcf.gz	Simple Nucleotide Variation	Raw Simple Somatic Mutation	TCGA-LUSC	TCGA-85-8070, TCGA-85-8070	TCGA-85-8070-01A, TCGA-85-8070-10A	Primary Tumor, Blood Derived Normal
4b7a953d-4c2b-4e9f-8050-4f4c65e35411	c0510fdb-e59f-496d-8431-aa0d5cdc81be.wgs.CaVEMan.raw_somatic_mutation.vcf.gz	Simple Nucleotide Variation	Raw Simple Somatic Mutation	TCGA-LUSC	TCGA-85-A50M, TCGA-85-A50M	TCGA-85-A50M-10A, TCGA-85-A50M-01A	Blood Derived Normal, Primary Tumor
de7487b8-2c06-416c-9444-b05983ddab59	f2c543cc-5f46-435b-a240-3fff56e30d57.wgs.CaVEMan.raw_somatic_mutation.vcf.gz	Simple Nucleotide Variation	Raw Simple Somatic Mutation	TCGA-LUSC	TCGA-85-8479, TCGA-85-8479	TCGA-85-8479-10A, TCGA-85-8479-01A	Blood Derived Normal, Primary Tumor
7f53b539-1702-4713-9c51-0c7f7e726bdc	f0e3f096-360f-4962-9567-adffc035aa3e.wgs.sanger_raw_pindel.raw_somatic_mutation.vcf.gz	Simple Nucleotide Variation	Raw Simple Somatic Mutation	TCGA-LUSC	TCGA-33-A4WN, TCGA-33-A4WN	TCGA-33-A4WN-01A, TCGA-33-A4WN-10A	Primary Tumor, Blood Derived Normal
4cda89a5-cece-4d3e-a9aa-6e0013afd88a	f7f25f1b-3342-44e5-929e-12889f73fb5e.wgs.BRASS.rerun_structural_variation.bedpe.gz	Somatic Structural Variation	Structural Rearrangement	TCGA-LUSC	TCGA-52-7810, TCGA-52-7810	TCGA-52-7810-01A, TCGA-52-7810-10A	Primary Tumor, Blood Derived Normal
1309098e-11b6-45ab-825c-0f0d9b22b512	9eb3c968-8697-4a88-b367-add22bc60397.wgs.BRASS.raw_structural_variation.vcf.gz	Somatic Structural Variation	Structural Rearrangement	TCGA-LUSC	TCGA-85-A512, TCGA-85-A512	TCGA-85-A512-01A, TCGA-85-A512-10A	Primary Tumor, Blood Derived Normal
aa7d7ea2-2ba4-4b66-8e56-f46ba6a8eabf	1d6d39c4-b0e1-4d49-ac1d-384212229d5c.wgs.CaVEMan.raw_somatic_mutation.vcf.gz	Simple Nucleotide Variation	Raw Simple Somatic Mutation	TCGA-LUSC	TCGA-34-5927, TCGA-34-5927	TCGA-34-5927-10A, TCGA-34-5927-01A	Blood Derived Normal, Primary Tumor
72ac0f2a-4714-4e4f-a69e-31207d172080	ebfb16f0-0e96-4a50-840a-a6693d762493.wgs.sanger_raw_pindel.raw_somatic_mutation.vcf.gz	Simple Nucleotide Variation	Raw Simple Somatic Mutation	TCGA-LUSC	TCGA-85-6561, TCGA-85-6561	TCGA-85-6561-01A, TCGA-85-6561-10A	Primary Tumor, Blood Derived Normal
8720ea1d-ee62-4f0f-b529-862280403190	0b277ea0-f930-4340-a070-e90311542a8a.wgs.ASCAT.copy_number_variation.seg.txt	Copy Number Variation	Copy Number Segment	TCGA-LUSC	TCGA-34-8454, TCGA-34-8454	TCGA-34-8454-01A, TCGA-34-8454-10A	Primary Tumor, Blood Derived Normal
90b9beb7-f867-4f73-974d-49c151c36738	0b277ea0-f930-4340-a070-e90311542a8a.wgs.sanger_raw_pindel.raw_somatic_mutation.vcf.gz	Simple Nucleotide Variation	Raw Simple Somatic Mutation	TCGA-LUSC	TCGA-34-8454, TCGA-34-8454	TCGA-34-8454-01A, TCGA-34-8454-10A	Primary Tumor, Blood Derived Normal
d4e967b5-5e77-4101-b2f2-27deaf30c9df	eb9fe4f2-9d1a-4202-8964-333df716a50e.wgs.ASCAT.copy_number_variation.seg.txt	Copy Number Variation	Copy Number Segment	TCGA-LUSC	TCGA-85-7699, TCGA-85-7699	TCGA-85-7699-01A, TCGA-85-7699-10A	Primary Tumor, Blood Derived Normal
4b2fdd98-8451-4318-8393-ec2a90344c7f	0509147f-f9d8-4267-98a0-2bc1ccd4e9c2.wgs.BRASS.rerun_structural_variation.bedpe.gz	Somatic Structural Variation	Structural Rearrangement	TCGA-LUSC	TCGA-85-7699, TCGA-85-7699	TCGA-85-7699-01A, TCGA-85-7699-10A	Primary Tumor, Blood Derived Normal
e1dbd5f6-8bb1-4ca0-b960-a83f995512ce	eb9fe4f2-9d1a-4202-8964-333df716a50e.wgs.sanger_raw_pindel.raw_somatic_mutation.vcf.gz	Simple Nucleotide Variation	Raw Simple Somatic Mutation	TCGA-LUSC	TCGA-85-7699, TCGA-85-7699	TCGA-85-7699-01A, TCGA-85-7699-10A	Primary Tumor, Blood Derived Normal
b9884be6-01a3-4254-b1ff-06b183b65d06	e9fbea28-07e3-40be-99db-0cbd80b2cca4.wgs.ASCAT.copy_number_variation.seg.txt	Copy Number Variation	Copy Number Segment	TCGA-LUSC	TCGA-O2-A52N, TCGA-O2-A52N	TCGA-O2-A52N-10A, TCGA-O2-A52N-01A	Blood Derived Normal, Primary Tumor
cadcdeac-da8a-4b1f-aa40-0321df9460f7	e9fbea28-07e3-40be-99db-0cbd80b2cca4.wgs.CaVEMan.raw_somatic_mutation.vcf.gz	Simple Nucleotide Variation	Raw Simple Somatic Mutation	TCGA-LUSC	TCGA-O2-A52N, TCGA-O2-A52N	TCGA-O2-A52N-10A, TCGA-O2-A52N-01A	Blood Derived Normal, Primary Tumor
c586986f-c992-4c3a-8d44-1ffff94cdfb4	e9fbea28-07e3-40be-99db-0cbd80b2cca4.wgs.BRASS.raw_structural_variation.vcf.gz	Somatic Structural Variation	Structural Rearrangement	TCGA-LUSC	TCGA-O2-A52N, TCGA-O2-A52N	TCGA-O2-A52N-10A, TCGA-O2-A52N-01A	Blood Derived Normal, Primary Tumor
cc8543ac-1d49-42f8-93a2-a08b695172ea	d9433489-e60f-483e-8691-4993f15344f5.wgs.BRASS.rerun_structural_variation.bedpe	Somatic Structural Variation	Structural Rearrangement	TCGA-LUSC	TCGA-O2-A52N, TCGA-O2-A52N	TCGA-O2-A52N-10A, TCGA-O2-A52N-01A	Blood Derived Normal, Primary Tumor
14123cd9-3aab-4dbb-9399-49be1fde8b38	2d7cfb46-769b-404e-8178-26c9c99cc72b.wgs.CaVEMan.raw_somatic_mutation.vcf.gz	Simple Nucleotide Variation	Raw Simple Somatic Mutation	TCGA-LUSC	TCGA-21-1082, TCGA-21-1082	TCGA-21-1082-10B, TCGA-21-1082-01A	Blood Derived Normal, Primary Tumor
ab2874c5-0bd4-421c-b81c-e635f644f48f	2d7cfb46-769b-404e-8178-26c9c99cc72b.wgs.BRASS.raw_structural_variation.vcf.gz	Somatic Structural Variation	Structural Rearrangement	TCGA-LUSC	TCGA-21-1082, TCGA-21-1082	TCGA-21-1082-10B, TCGA-21-1082-01A	Blood Derived Normal, Primary Tumor
ce8f9b5c-f02d-477d-980a-7088534e6b77	5920a413-3753-4755-a10a-e94e6db880a4.wgs.BRASS.raw_structural_variation.vcf.gz	Somatic Structural Variation	Structural Rearrangement	TCGA-LUSC	TCGA-58-8386, TCGA-58-8386	TCGA-58-8386-01A, TCGA-58-8386-10A	Primary Tumor, Blood Derived Normal
f1b033eb-fb5d-4821-a0e5-5edf3eaf496b	392b2647-766f-4e28-b003-44891a79ce8b.wgs.CaVEMan.raw_somatic_mutation.vcf.gz	Simple Nucleotide Variation	Raw Simple Somatic Mutation	TCGA-LUSC	TCGA-58-8393, TCGA-58-8393	TCGA-58-8393-10A, TCGA-58-8393-01A	Blood Derived Normal, Primary Tumor
0da0f7ac-c565-4f64-9ac0-ef4e4cab9f4f	20170aef-c830-4f2b-9bcd-9b428027e4d6.wgs.BRASS.rerun_structural_variation.bedpe.gz	Somatic Structural Variation	Structural Rearrangement	TCGA-LUSC	TCGA-21-1082, TCGA-21-1082	TCGA-21-1082-10B, TCGA-21-1082-01A	Blood Derived Normal, Primary Tumor
abf22003-41d3-4c80-8f31-ecc8203023b3	7d41fefb-3d6d-4a83-ac8a-c857c6bd84bd.wgs.CaVEMan.raw_somatic_mutation.vcf.gz	Simple Nucleotide Variation	Raw Simple Somatic Mutation	TCGA-LUSC	TCGA-52-7811, TCGA-52-7811	TCGA-52-7811-01A, TCGA-52-7811-10A	Primary Tumor, Blood Derived Normal
010864da-42e3-4623-a28d-8e3b34769ae7	7d41fefb-3d6d-4a83-ac8a-c857c6bd84bd.wgs.sanger_raw_pindel.raw_somatic_mutation.vcf.gz	Simple Nucleotide Variation	Raw Simple Somatic Mutation	TCGA-LUSC	TCGA-52-7811, TCGA-52-7811	TCGA-52-7811-01A, TCGA-52-7811-10A	Primary Tumor, Blood Derived Normal
f0f45d6a-1401-4d9b-8ec3-1b1d104f2b4b	ec0ff9dd-f1ad-4240-b8a9-a70fe19ad95c.wgs.BRASS.rerun_structural_variation.bedpe.gz	Somatic Structural Variation	Structural Rearrangement	TCGA-LUSC	TCGA-52-7811, TCGA-52-7811	TCGA-52-7811-01A, TCGA-52-7811-10A	Primary Tumor, Blood Derived Normal
58041092-6ca6-419a-b4a6-32b17bdb5991	392b2647-766f-4e28-b003-44891a79ce8b.wgs.ASCAT.copy_number_variation.seg.txt	Copy Number Variation	Copy Number Segment	TCGA-LUSC	TCGA-58-8393, TCGA-58-8393	TCGA-58-8393-10A, TCGA-58-8393-01A	Blood Derived Normal, Primary Tumor
329e0538-79f0-40fe-a275-c1637eb7e8e9	dcb7c4ba-7215-4b77-949a-c2d2b783549d.wgs.sanger_raw_pindel.raw_somatic_mutation.vcf.gz	Simple Nucleotide Variation	Raw Simple Somatic Mutation	TCGA-LUSC	TCGA-85-8352, TCGA-85-8352	TCGA-85-8352-01A, TCGA-85-8352-10A	Primary Tumor, Blood Derived Normal
8235b8a8-21c6-47e3-8f96-11ef7c46736a	5e54ae37-bbd4-4cb9-a1e4-886acd28bdd2.wgs.ASCAT.copy_number_variation.seg.txt	Copy Number Variation	Copy Number Segment	TCGA-LUSC	TCGA-98-8021, TCGA-98-8021	TCGA-98-8021-01A, TCGA-98-8021-10A	Primary Tumor, Blood Derived Normal
a6b45b6f-f4fb-4574-a993-3cd7a238428e	5e54ae37-bbd4-4cb9-a1e4-886acd28bdd2.wgs.CaVEMan.raw_somatic_mutation.vcf.gz	Simple Nucleotide Variation	Raw Simple Somatic Mutation	TCGA-LUSC	TCGA-98-8021, TCGA-98-8021	TCGA-98-8021-01A, TCGA-98-8021-10A	Primary Tumor, Blood Derived Normal
d8221132-c99a-4863-a040-e2fa525d6f4c	9488bac1-e9b6-49e1-be91-4462d44024dd.wgs.BRASS.rerun_structural_variation.bedpe.gz	Somatic Structural Variation	Structural Rearrangement	TCGA-LUSC	TCGA-98-8021, TCGA-98-8021	TCGA-98-8021-01A, TCGA-98-8021-10A	Primary Tumor, Blood Derived Normal
cb10df0f-e3ea-4095-bdfb-112c9c00cd2c	1c657016-b3f5-468b-b973-8d5c19ed5bbe.wgs.ASCAT.copy_number_variation.seg.txt	Copy Number Variation	Copy Number Segment	TCGA-LUSC	TCGA-70-6723, TCGA-70-6723	TCGA-70-6723-10A, TCGA-70-6723-01A	Blood Derived Normal, Primary Tumor
f33afa45-8080-4fbd-8c52-b7061b2c5f8d	1c657016-b3f5-468b-b973-8d5c19ed5bbe.wgs.CaVEMan.raw_somatic_mutation.vcf.gz	Simple Nucleotide Variation	Raw Simple Somatic Mutation	TCGA-LUSC	TCGA-70-6723, TCGA-70-6723	TCGA-70-6723-10A, TCGA-70-6723-01A	Blood Derived Normal, Primary Tumor
8ad3198d-2477-4245-9c08-01446b17bb7b	0b2a6149-872f-4178-a7df-d8308cdea3fd.wgs.ASCAT.copy_number_variation.seg.txt	Copy Number Variation	Copy Number Segment	TCGA-LUSC	TCGA-85-7844, TCGA-85-7844	TCGA-85-7844-10A, TCGA-85-7844-01A	Blood Derived Normal, Primary Tumor
dc06752a-2cc8-4e71-ad0b-70482a53cb17	aea01681-bede-417d-a615-0a6a7124fa6c.wgs.ASCAT.copy_number_variation.seg.txt	Copy Number Variation	Copy Number Segment	TCGA-LUSC	TCGA-37-A5EM, TCGA-37-A5EM	TCGA-37-A5EM-10A, TCGA-37-A5EM-01A	Blood Derived Normal, Primary Tumor
5bea7511-df91-4838-81bf-0e45003d72d5	aea01681-bede-417d-a615-0a6a7124fa6c.wgs.BRASS.raw_structural_variation.vcf.gz	Somatic Structural Variation	Structural Rearrangement	TCGA-LUSC	TCGA-37-A5EM, TCGA-37-A5EM	TCGA-37-A5EM-10A, TCGA-37-A5EM-01A	Blood Derived Normal, Primary Tumor
9daf7508-3dff-4b95-be07-be368174af36	5920a413-3753-4755-a10a-e94e6db880a4.wgs.CaVEMan.raw_somatic_mutation.vcf.gz	Simple Nucleotide Variation	Raw Simple Somatic Mutation	TCGA-LUSC	TCGA-58-8386, TCGA-58-8386	TCGA-58-8386-01A, TCGA-58-8386-10A	Primary Tumor, Blood Derived Normal
e8bda9b2-0653-442a-bb13-125a646592ad	1c355427-530c-4042-a1f1-7c1cad140b8b.wgs.ASCAT.copy_number_variation.seg.txt	Copy Number Variation	Copy Number Segment	TCGA-LUSC	TCGA-56-8629, TCGA-56-8629	TCGA-56-8629-01A, TCGA-56-8629-10A	Primary Tumor, Blood Derived Normal
322e3ab8-a63e-4f27-8e39-877fd4e081fe	1c355427-530c-4042-a1f1-7c1cad140b8b.wgs.BRASS.raw_structural_variation.vcf.gz	Somatic Structural Variation	Structural Rearrangement	TCGA-LUSC	TCGA-56-8629, TCGA-56-8629	TCGA-56-8629-01A, TCGA-56-8629-10A	Primary Tumor, Blood Derived Normal
76ed2741-484f-4eb0-bc88-88966ecf68f7	f10fbebf-74d9-45cb-8058-52bf5c4f8b14.wgs.CaVEMan.raw_somatic_mutation.vcf.gz	Simple Nucleotide Variation	Raw Simple Somatic Mutation	TCGA-LUSC	TCGA-92-7341, TCGA-92-7341	TCGA-92-7341-01A, TCGA-92-7341-10A	Primary Tumor, Blood Derived Normal
defea9dd-26e4-4c1f-acad-bbe460a2c668	b9fcd5bf-b0f6-4f4c-8eef-d12d4208d47e.wgs.ASCAT.copy_number_variation.seg.txt	Copy Number Variation	Copy Number Segment	TCGA-LUSC	TCGA-37-4135, TCGA-37-4135	TCGA-37-4135-01A, TCGA-37-4135-10A	Primary Tumor, Blood Derived Normal
6775f79a-870e-4c30-8542-9a0f7f0ae2bc	f10fbebf-74d9-45cb-8058-52bf5c4f8b14.wgs.BRASS.raw_structural_variation.vcf.gz	Somatic Structural Variation	Structural Rearrangement	TCGA-LUSC	TCGA-92-7341, TCGA-92-7341	TCGA-92-7341-01A, TCGA-92-7341-10A	Primary Tumor, Blood Derived Normal
84b75b66-6cbf-4b80-bf59-354243fe6bee	f10fbebf-74d9-45cb-8058-52bf5c4f8b14.wgs.ASCAT.copy_number_variation.seg.txt	Copy Number Variation	Copy Number Segment	TCGA-LUSC	TCGA-92-7341, TCGA-92-7341	TCGA-92-7341-01A, TCGA-92-7341-10A	Primary Tumor, Blood Derived Normal
4d2f079d-ccda-47b4-867d-b5d95e58992b	cdffe8fa-4cf8-4ee3-94ab-bb5d17cfd698.wgs.BRASS.rerun_structural_variation.bedpe.gz	Somatic Structural Variation	Structural Rearrangement	TCGA-LUSC	TCGA-56-8625, TCGA-56-8625	TCGA-56-8625-01A, TCGA-56-8625-10A	Primary Tumor, Blood Derived Normal
df77fd28-110d-4e1a-933f-1d33c9dce7be	29f35e23-30ae-4636-8f25-85e55e35579c.wgs.BRASS.raw_structural_variation.vcf.gz	Somatic Structural Variation	Structural Rearrangement	TCGA-LUSC	TCGA-56-8625, TCGA-56-8625	TCGA-56-8625-01A, TCGA-56-8625-10A	Primary Tumor, Blood Derived Normal
2a2e520c-bcbb-4ac6-b7ec-95928788b295	29f35e23-30ae-4636-8f25-85e55e35579c.wgs.ASCAT.copy_number_variation.seg.txt	Copy Number Variation	Copy Number Segment	TCGA-LUSC	TCGA-56-8625, TCGA-56-8625	TCGA-56-8625-01A, TCGA-56-8625-10A	Primary Tumor, Blood Derived Normal
2b988dc2-021c-4c11-9fdc-8921727d6c15	89f790e3-c45c-4e58-b437-fa20e6009dce.wgs.BRASS.rerun_structural_variation.bedpe	Somatic Structural Variation	Structural Rearrangement	TCGA-LUSC	TCGA-85-A4JB, TCGA-85-A4JB	TCGA-85-A4JB-01A, TCGA-85-A4JB-10A	Primary Tumor, Blood Derived Normal
30ca7e50-f50c-4834-a98e-16ce5e991595	a8dd0002-25e4-4506-8634-a9da1225cd56.wgs.BRASS.raw_structural_variation.vcf.gz	Somatic Structural Variation	Structural Rearrangement	TCGA-LUSC	TCGA-85-A4JB, TCGA-85-A4JB	TCGA-85-A4JB-01A, TCGA-85-A4JB-10A	Primary Tumor, Blood Derived Normal
fa639c70-eb34-42be-8b8e-90c3983d34c2	3556e193-e36b-4ece-b293-d0ce807524b6.wgs.CaVEMan.raw_somatic_mutation.vcf.gz	Simple Nucleotide Variation	Raw Simple Somatic Mutation	TCGA-LUSC	TCGA-85-6175, TCGA-85-6175	TCGA-85-6175-01A, TCGA-85-6175-10A	Primary Tumor, Blood Derived Normal
20e66d13-f916-4eed-8198-b4b58ffa27a8	3556e193-e36b-4ece-b293-d0ce807524b6.wgs.sanger_raw_pindel.raw_somatic_mutation.vcf.gz	Simple Nucleotide Variation	Raw Simple Somatic Mutation	TCGA-LUSC	TCGA-85-6175, TCGA-85-6175	TCGA-85-6175-01A, TCGA-85-6175-10A	Primary Tumor, Blood Derived Normal
49a848c4-b5d8-4614-b886-5f214e55c7cf	58c18803-6d97-4e6e-b095-cc81aaf995c5.wgs.BRASS.raw_structural_variation.vcf.gz	Somatic Structural Variation	Structural Rearrangement	TCGA-LUSC	TCGA-34-5234, TCGA-34-5234	TCGA-34-5234-10A, TCGA-34-5234-01A	Blood Derived Normal, Primary Tumor
73ef19c6-4fce-4301-86b4-e06ada75fc3a	1508704f-b231-4feb-9083-1fb789ffee09.wgs.BRASS.rerun_structural_variation.bedpe.gz	Somatic Structural Variation	Structural Rearrangement	TCGA-LUSC	TCGA-34-5234, TCGA-34-5234	TCGA-34-5234-10A, TCGA-34-5234-01A	Blood Derived Normal, Primary Tumor
f555efe8-b428-4993-8fce-2277ac263a88	58c18803-6d97-4e6e-b095-cc81aaf995c5.wgs.CaVEMan.raw_somatic_mutation.vcf.gz	Simple Nucleotide Variation	Raw Simple Somatic Mutation	TCGA-LUSC	TCGA-34-5234, TCGA-34-5234	TCGA-34-5234-10A, TCGA-34-5234-01A	Blood Derived Normal, Primary Tumor
29d8102a-5dba-4618-b8f9-82564d92e0db	58c18803-6d97-4e6e-b095-cc81aaf995c5.wgs.ASCAT.copy_number_variation.seg.txt	Copy Number Variation	Copy Number Segment	TCGA-LUSC	TCGA-34-5234, TCGA-34-5234	TCGA-34-5234-10A, TCGA-34-5234-01A	Blood Derived Normal, Primary Tumor
c0ee73a0-4dfd-48bb-abe5-3a37cb4245df	5e5b35da-3739-45c1-9f8c-f23f1708217c.wgs.BRASS.rerun_structural_variation.bedpe.gz	Somatic Structural Variation	Structural Rearrangement	TCGA-LUSC	TCGA-56-7223, TCGA-56-7223	TCGA-56-7223-01A, TCGA-56-7223-10A	Primary Tumor, Blood Derived Normal
c0f102d2-a86b-4419-86d0-c8d2711bf42c	c1715c13-0849-4faf-9dd3-f691bdb8129c.wgs.CaVEMan.raw_somatic_mutation.vcf.gz	Simple Nucleotide Variation	Raw Simple Somatic Mutation	TCGA-LUSC	TCGA-56-7223, TCGA-56-7223	TCGA-56-7223-01A, TCGA-56-7223-10A	Primary Tumor, Blood Derived Normal
291e87b7-5746-46af-ae3d-c8d604eb9453	ee43b511-44d4-4466-a59e-67fae369046e.wgs.CaVEMan.raw_somatic_mutation.vcf.gz	Simple Nucleotide Variation	Raw Simple Somatic Mutation	TCGA-LUSC	TCGA-68-7755, TCGA-68-7755	TCGA-68-7755-10A, TCGA-68-7755-01A	Blood Derived Normal, Primary Tumor
59a34751-1bd7-4461-8e41-8ae723862b6c	cd93d92b-896b-441a-a998-3458e39309d7.wgs.BRASS.rerun_structural_variation.bedpe.gz	Somatic Structural Variation	Structural Rearrangement	TCGA-LUSC	TCGA-68-7755, TCGA-68-7755	TCGA-68-7755-10A, TCGA-68-7755-01A	Blood Derived Normal, Primary Tumor
060326a7-70a4-4c4f-a57e-8f9e703c8ad0	ee43b511-44d4-4466-a59e-67fae369046e.wgs.BRASS.raw_structural_variation.vcf.gz	Somatic Structural Variation	Structural Rearrangement	TCGA-LUSC	TCGA-68-7755, TCGA-68-7755	TCGA-68-7755-10A, TCGA-68-7755-01A	Blood Derived Normal, Primary Tumor
a7303d47-c298-4137-96d2-f00b628d6958	a57a4e93-c081-4ac2-b8f6-30030ae73ed2.wgs.BRASS.rerun_structural_variation.bedpe.gz	Somatic Structural Variation	Structural Rearrangement	TCGA-LUSC	TCGA-85-8584, TCGA-85-8584	TCGA-85-8584-10A, TCGA-85-8584-01A	Blood Derived Normal, Primary Tumor
c237bdb8-e04d-4056-add8-569a16b142a0	e452be3b-5a11-4ef7-a350-89e33b7229a3.wgs.BRASS.raw_structural_variation.vcf.gz	Somatic Structural Variation	Structural Rearrangement	TCGA-LUSC	TCGA-85-8584, TCGA-85-8584	TCGA-85-8584-10A, TCGA-85-8584-01A	Blood Derived Normal, Primary Tumor
aa8ff24f-d275-4de4-8ecc-1196af5d3cd7	e452be3b-5a11-4ef7-a350-89e33b7229a3.wgs.sanger_raw_pindel.raw_somatic_mutation.vcf.gz	Simple Nucleotide Variation	Raw Simple Somatic Mutation	TCGA-LUSC	TCGA-85-8584, TCGA-85-8584	TCGA-85-8584-10A, TCGA-85-8584-01A	Blood Derived Normal, Primary Tumor
7a3ec5b0-4628-4cd1-8a20-c6491ae614c5	5e06a5fe-3d74-4df8-9239-ff82d06e8d96.wgs.sanger_raw_pindel.raw_somatic_mutation.vcf.gz	Simple Nucleotide Variation	Raw Simple Somatic Mutation	TCGA-LUSC	TCGA-77-8154, TCGA-77-8154	TCGA-77-8154-01A, TCGA-77-8154-10A	Primary Tumor, Blood Derived Normal
fde1cf3f-9d9f-42b3-8c3c-5315d18f720b	5e06a5fe-3d74-4df8-9239-ff82d06e8d96.wgs.ASCAT.copy_number_variation.seg.txt	Copy Number Variation	Copy Number Segment	TCGA-LUSC	TCGA-77-8154, TCGA-77-8154	TCGA-77-8154-01A, TCGA-77-8154-10A	Primary Tumor, Blood Derived Normal
1211bbd0-97c3-4064-828e-1354e6d0c823	5e06a5fe-3d74-4df8-9239-ff82d06e8d96.wgs.BRASS.raw_structural_variation.vcf.gz	Somatic Structural Variation	Structural Rearrangement	TCGA-LUSC	TCGA-77-8154, TCGA-77-8154	TCGA-77-8154-01A, TCGA-77-8154-10A	Primary Tumor, Blood Derived Normal
121145ee-7644-4303-b7cb-8ae90c073082	31d2a0dd-c302-417e-bc56-755598a01e34.wgs.BRASS.raw_structural_variation.vcf.gz	Somatic Structural Variation	Structural Rearrangement	TCGA-LUSC	TCGA-77-8146, TCGA-77-8146	TCGA-77-8146-01A, TCGA-77-8146-10A	Primary Tumor, Blood Derived Normal
bff9314f-dcce-4bc6-9f59-de681bdb4dca	31d2a0dd-c302-417e-bc56-755598a01e34.wgs.CaVEMan.raw_somatic_mutation.vcf.gz	Simple Nucleotide Variation	Raw Simple Somatic Mutation	TCGA-LUSC	TCGA-77-8146, TCGA-77-8146	TCGA-77-8146-01A, TCGA-77-8146-10A	Primary Tumor, Blood Derived Normal
77399265-b50d-4ba0-8d0a-88764d00e501	b09ab1ab-82a8-45f1-a5a4-4e338e57f975.wgs.BRASS.rerun_structural_variation.bedpe	Somatic Structural Variation	Structural Rearrangement	TCGA-LUSC	TCGA-85-A4CN, TCGA-85-A4CN	TCGA-85-A4CN-01A, TCGA-85-A4CN-10A	Primary Tumor, Blood Derived Normal
d8805e94-dc59-4dc6-be20-60b523f79d91	8fa5bdbb-27c7-4748-bbf1-603a12b866f4.wgs.ASCAT.copy_number_variation.seg.txt	Copy Number Variation	Copy Number Segment	TCGA-LUSC	TCGA-85-A4CN, TCGA-85-A4CN	TCGA-85-A4CN-01A, TCGA-85-A4CN-10A	Primary Tumor, Blood Derived Normal
a628075b-ebb4-4a09-8504-9b60b83c65e5	c9ff7640-925f-474e-bf26-c40df628fd22.wgs.BRASS.rerun_structural_variation.bedpe.gz	Somatic Structural Variation	Structural Rearrangement	TCGA-LUSC	TCGA-85-8070, TCGA-85-8070	TCGA-85-8070-01A, TCGA-85-8070-10A	Primary Tumor, Blood Derived Normal
aa3f35b5-b968-4851-9452-65a84e08c0e7	3f85d517-134b-4594-b065-e60b07cfe7cf.wgs.sanger_raw_pindel.raw_somatic_mutation.vcf.gz	Simple Nucleotide Variation	Raw Simple Somatic Mutation	TCGA-LUSC	TCGA-85-8070, TCGA-85-8070	TCGA-85-8070-01A, TCGA-85-8070-10A	Primary Tumor, Blood Derived Normal
25d39017-d2f6-4cd4-a7b3-0a63cca6314f	3f85d517-134b-4594-b065-e60b07cfe7cf.wgs.BRASS.raw_structural_variation.vcf.gz	Somatic Structural Variation	Structural Rearrangement	TCGA-LUSC	TCGA-85-8070, TCGA-85-8070	TCGA-85-8070-01A, TCGA-85-8070-10A	Primary Tumor, Blood Derived Normal
6a79828c-7fe1-4b0e-8527-f6eb933b7534	c0510fdb-e59f-496d-8431-aa0d5cdc81be.wgs.BRASS.raw_structural_variation.vcf.gz	Somatic Structural Variation	Structural Rearrangement	TCGA-LUSC	TCGA-85-A50M, TCGA-85-A50M	TCGA-85-A50M-10A, TCGA-85-A50M-01A	Blood Derived Normal, Primary Tumor
476e0242-4028-4662-a555-27d1ac632511	3f85d517-134b-4594-b065-e60b07cfe7cf.wgs.ASCAT.copy_number_variation.seg.txt	Copy Number Variation	Copy Number Segment	TCGA-LUSC	TCGA-85-8070, TCGA-85-8070	TCGA-85-8070-01A, TCGA-85-8070-10A	Primary Tumor, Blood Derived Normal
798cfb5f-aaa4-45c8-9774-f60f8beffff7	f2c543cc-5f46-435b-a240-3fff56e30d57.wgs.ASCAT.copy_number_variation.seg.txt	Copy Number Variation	Copy Number Segment	TCGA-LUSC	TCGA-85-8479, TCGA-85-8479	TCGA-85-8479-10A, TCGA-85-8479-01A	Blood Derived Normal, Primary Tumor
9a3908bc-ba24-4128-81ef-659d523cd399	5b4daad9-d198-4037-84bb-f53daa9eaa75.wgs.BRASS.rerun_structural_variation.bedpe.gz	Somatic Structural Variation	Structural Rearrangement	TCGA-LUSC	TCGA-85-8479, TCGA-85-8479	TCGA-85-8479-10A, TCGA-85-8479-01A	Blood Derived Normal, Primary Tumor
99f49a0f-23a6-4a3d-bed2-ab4faa454497	f2c543cc-5f46-435b-a240-3fff56e30d57.wgs.BRASS.raw_structural_variation.vcf.gz	Somatic Structural Variation	Structural Rearrangement	TCGA-LUSC	TCGA-85-8479, TCGA-85-8479	TCGA-85-8479-10A, TCGA-85-8479-01A	Blood Derived Normal, Primary Tumor
25a6495b-ed3f-445a-af99-259228fc425a	f0e3f096-360f-4962-9567-adffc035aa3e.wgs.BRASS.raw_structural_variation.vcf.gz	Somatic Structural Variation	Structural Rearrangement	TCGA-LUSC	TCGA-33-A4WN, TCGA-33-A4WN	TCGA-33-A4WN-01A, TCGA-33-A4WN-10A	Primary Tumor, Blood Derived Normal
05e4f945-695b-42f0-8abc-d0c1ba2dd11f	f0e3f096-360f-4962-9567-adffc035aa3e.wgs.CaVEMan.raw_somatic_mutation.vcf.gz	Simple Nucleotide Variation	Raw Simple Somatic Mutation	TCGA-LUSC	TCGA-33-A4WN, TCGA-33-A4WN	TCGA-33-A4WN-01A, TCGA-33-A4WN-10A	Primary Tumor, Blood Derived Normal
1dd991a6-bc96-47ee-b2b8-cbcbc9e6cab3	fb48633f-6d28-4d5b-b752-c265fa7c6167.wgs.CaVEMan.raw_somatic_mutation.vcf.gz	Simple Nucleotide Variation	Raw Simple Somatic Mutation	TCGA-LUSC	TCGA-52-7810, TCGA-52-7810	TCGA-52-7810-01A, TCGA-52-7810-10A	Primary Tumor, Blood Derived Normal
82643534-9081-47fa-9401-c0e51a981b2a	fb48633f-6d28-4d5b-b752-c265fa7c6167.wgs.sanger_raw_pindel.raw_somatic_mutation.vcf.gz	Simple Nucleotide Variation	Raw Simple Somatic Mutation	TCGA-LUSC	TCGA-52-7810, TCGA-52-7810	TCGA-52-7810-01A, TCGA-52-7810-10A	Primary Tumor, Blood Derived Normal
a38d1512-9dfa-42e5-95cf-ef96b0362338	2b1c342e-6c16-46f7-822e-163af204de2d.wgs.BRASS.rerun_structural_variation.bedpe	Somatic Structural Variation	Structural Rearrangement	TCGA-LUSC	TCGA-63-A5MR, TCGA-63-A5MR	TCGA-63-A5MR-01A, TCGA-63-A5MR-10A	Primary Tumor, Blood Derived Normal
4aac9153-ec16-42c4-b4dc-a821a7750546	b3327e3f-8598-444b-8767-129f629cc1bb.wgs.BRASS.raw_structural_variation.vcf.gz	Somatic Structural Variation	Structural Rearrangement	TCGA-LUSC	TCGA-63-A5MR, TCGA-63-A5MR	TCGA-63-A5MR-01A, TCGA-63-A5MR-10A	Primary Tumor, Blood Derived Normal
4c0579a2-ea7e-45b6-a0b0-dd93b211aec7	b3327e3f-8598-444b-8767-129f629cc1bb.wgs.CaVEMan.raw_somatic_mutation.vcf.gz	Simple Nucleotide Variation	Raw Simple Somatic Mutation	TCGA-LUSC	TCGA-63-A5MR, TCGA-63-A5MR	TCGA-63-A5MR-01A, TCGA-63-A5MR-10A	Primary Tumor, Blood Derived Normal
823750ae-c2ea-4425-b7a6-c92093697c70	b3327e3f-8598-444b-8767-129f629cc1bb.wgs.sanger_raw_pindel.raw_somatic_mutation.vcf.gz	Simple Nucleotide Variation	Raw Simple Somatic Mutation	TCGA-LUSC	TCGA-63-A5MR, TCGA-63-A5MR	TCGA-63-A5MR-01A, TCGA-63-A5MR-10A	Primary Tumor, Blood Derived Normal
df67233c-51b8-4998-913b-29f8b17d55a8	b3327e3f-8598-444b-8767-129f629cc1bb.wgs.ASCAT.copy_number_variation.seg.txt	Copy Number Variation	Copy Number Segment	TCGA-LUSC	TCGA-63-A5MR, TCGA-63-A5MR	TCGA-63-A5MR-01A, TCGA-63-A5MR-10A	Primary Tumor, Blood Derived Normal
ad1cb517-e61c-4b2b-ac51-2867f179c248	9eb3c968-8697-4a88-b367-add22bc60397.wgs.sanger_raw_pindel.raw_somatic_mutation.vcf.gz	Simple Nucleotide Variation	Raw Simple Somatic Mutation	TCGA-LUSC	TCGA-85-A512, TCGA-85-A512	TCGA-85-A512-01A, TCGA-85-A512-10A	Primary Tumor, Blood Derived Normal
c3000145-61e9-4dad-8910-2786e698349c	9eb3c968-8697-4a88-b367-add22bc60397.wgs.CaVEMan.raw_somatic_mutation.vcf.gz	Simple Nucleotide Variation	Raw Simple Somatic Mutation	TCGA-LUSC	TCGA-85-A512, TCGA-85-A512	TCGA-85-A512-01A, TCGA-85-A512-10A	Primary Tumor, Blood Derived Normal
f563dbdb-db0c-4bfa-897f-53508dd3fa7f	9eb3c968-8697-4a88-b367-add22bc60397.wgs.ASCAT.copy_number_variation.seg.txt	Copy Number Variation	Copy Number Segment	TCGA-LUSC	TCGA-85-A512, TCGA-85-A512	TCGA-85-A512-01A, TCGA-85-A512-10A	Primary Tumor, Blood Derived Normal
2f8b8745-c209-4436-a62b-c4616c98c276	fe6b7f7b-fbbc-410e-9e32-a5b8ce011b6a.wgs.ASCAT.copy_number_variation.seg.txt	Copy Number Variation	Copy Number Segment	TCGA-LUSC	TCGA-98-A53A, TCGA-98-A53A	TCGA-98-A53A-10A, TCGA-98-A53A-01A	Blood Derived Normal, Primary Tumor
1346be7d-c810-492d-a5b7-73219b6a3759	fe6b7f7b-fbbc-410e-9e32-a5b8ce011b6a.wgs.sanger_raw_pindel.raw_somatic_mutation.vcf.gz	Simple Nucleotide Variation	Raw Simple Somatic Mutation	TCGA-LUSC	TCGA-98-A53A, TCGA-98-A53A	TCGA-98-A53A-10A, TCGA-98-A53A-01A	Blood Derived Normal, Primary Tumor
49390255-26ef-4871-809d-deb106df28d0	48cd8b56-47c5-4f52-81bd-9f6aa00493bd.wgs.BRASS.rerun_structural_variation.bedpe	Somatic Structural Variation	Structural Rearrangement	TCGA-LUSC	TCGA-98-A53A, TCGA-98-A53A	TCGA-98-A53A-10A, TCGA-98-A53A-01A	Blood Derived Normal, Primary Tumor
56245330-b3ae-4b5d-94c3-dabf1fa65301	fc9ff5e7-61d5-47fe-9281-bedb09f0624c.wgs.ASCAT.copy_number_variation.seg.txt	Copy Number Variation	Copy Number Segment	TCGA-LUSC	TCGA-XC-AA0X, TCGA-XC-AA0X	TCGA-XC-AA0X-01A, TCGA-XC-AA0X-10A	Primary Tumor, Blood Derived Normal
d04e2436-802c-42b9-8cd2-64dbf9aef8d0	babb0ca1-0eca-4bf5-b5ff-4faec0a9c836.wgs.ASCAT.copy_number_variation.seg.txt	Copy Number Variation	Copy Number Segment	TCGA-LUSC	TCGA-43-8115, TCGA-43-8115	TCGA-43-8115-01A, TCGA-43-8115-10A	Primary Tumor, Blood Derived Normal
505783bd-d060-4dc7-8c0e-d1f0db6d5857	3252a299-7dad-477e-81bb-61a85d3e86ad.wgs.BRASS.rerun_structural_variation.bedpe.gz	Somatic Structural Variation	Structural Rearrangement	TCGA-LUSC	TCGA-56-7579, TCGA-56-7579	TCGA-56-7579-10A, TCGA-56-7579-01A	Blood Derived Normal, Primary Tumor
f91cb7e0-c13b-4120-b8e7-8ffefe2ab165	babb0ca1-0eca-4bf5-b5ff-4faec0a9c836.wgs.BRASS.raw_structural_variation.vcf.gz	Somatic Structural Variation	Structural Rearrangement	TCGA-LUSC	TCGA-43-8115, TCGA-43-8115	TCGA-43-8115-01A, TCGA-43-8115-10A	Primary Tumor, Blood Derived Normal
da1edc7b-4c55-48d8-885d-3c2fec60891b	3cf40e00-0879-4a59-922c-d08448dcafb0.wgs.BRASS.rerun_structural_variation.bedpe.gz	Somatic Structural Variation	Structural Rearrangement	TCGA-LUSC	TCGA-43-8115, TCGA-43-8115	TCGA-43-8115-01A, TCGA-43-8115-10A	Primary Tumor, Blood Derived Normal
9e82e6cb-fd2a-487b-b3d2-27996410a45c	074dc03a-f2e0-46bf-9d66-47e854d33436.wgs.ASCAT.copy_number_variation.seg.txt	Copy Number Variation	Copy Number Segment	TCGA-LUSC	TCGA-77-7140, TCGA-77-7140	TCGA-77-7140-01A, TCGA-77-7140-10A	Primary Tumor, Blood Derived Normal
b6ba60f3-de81-4544-a3a1-8ea9abd24214	7c0c6ce6-c3c2-4d53-886b-3a44e5f8eed3.wgs.ASCAT.copy_number_variation.seg.txt	Copy Number Variation	Copy Number Segment	TCGA-LUSC	TCGA-43-6770, TCGA-43-6770	TCGA-43-6770-01A, TCGA-43-6770-10A	Primary Tumor, Blood Derived Normal
a237b6c8-b36c-4b4a-ba7f-6eef90a0e4fd	ba5bf713-d136-4926-9b16-0c2ae51e65de.wgs.CaVEMan.raw_somatic_mutation.vcf.gz	Simple Nucleotide Variation	Raw Simple Somatic Mutation	TCGA-LUSC	TCGA-96-7544, TCGA-96-7544	TCGA-96-7544-10A, TCGA-96-7544-01A	Blood Derived Normal, Primary Tumor
e5760697-e579-4209-a004-c9e28c6d7a89	ba5bf713-d136-4926-9b16-0c2ae51e65de.wgs.sanger_raw_pindel.raw_somatic_mutation.vcf.gz	Simple Nucleotide Variation	Raw Simple Somatic Mutation	TCGA-LUSC	TCGA-96-7544, TCGA-96-7544	TCGA-96-7544-10A, TCGA-96-7544-01A	Blood Derived Normal, Primary Tumor
aa29d5f7-f40b-497f-b0e0-89b3d34f524a	62f26d07-04b1-4c69-a550-3aea5c8d44e3.wgs.sanger_raw_pindel.raw_somatic_mutation.vcf.gz	Simple Nucleotide Variation	Raw Simple Somatic Mutation	TCGA-LUSC	TCGA-98-A53J, TCGA-98-A53J	TCGA-98-A53J-01A, TCGA-98-A53J-10A	Primary Tumor, Blood Derived Normal
ae60e0a5-5cae-4a9b-a743-94b6e59fed22	62f26d07-04b1-4c69-a550-3aea5c8d44e3.wgs.CaVEMan.raw_somatic_mutation.vcf.gz	Simple Nucleotide Variation	Raw Simple Somatic Mutation	TCGA-LUSC	TCGA-98-A53J, TCGA-98-A53J	TCGA-98-A53J-01A, TCGA-98-A53J-10A	Primary Tumor, Blood Derived Normal
1e252384-7390-4732-a611-40919d30e644	babb0ca1-0eca-4bf5-b5ff-4faec0a9c836.wgs.CaVEMan.raw_somatic_mutation.vcf.gz	Simple Nucleotide Variation	Raw Simple Somatic Mutation	TCGA-LUSC	TCGA-43-8115, TCGA-43-8115	TCGA-43-8115-01A, TCGA-43-8115-10A	Primary Tumor, Blood Derived Normal
452ede24-6b2a-4bd5-bb5b-4bb1c6aef878	babb0ca1-0eca-4bf5-b5ff-4faec0a9c836.wgs.sanger_raw_pindel.raw_somatic_mutation.vcf.gz	Simple Nucleotide Variation	Raw Simple Somatic Mutation	TCGA-LUSC	TCGA-43-8115, TCGA-43-8115	TCGA-43-8115-01A, TCGA-43-8115-10A	Primary Tumor, Blood Derived Normal
cf941319-d3df-4ee5-ac60-b0553cfcadf5	5866b635-fa0d-4141-bd21-aaf8181fdc0a.wgs.sanger_raw_pindel.raw_somatic_mutation.vcf.gz	Simple Nucleotide Variation	Raw Simple Somatic Mutation	TCGA-LUSC	TCGA-85-8481, TCGA-85-8481	TCGA-85-8481-10A, TCGA-85-8481-01A	Blood Derived Normal, Primary Tumor
097023b2-bbd9-44ef-ad50-0a962e0f1d25	da588f2d-856f-49b8-a096-93ea65718f68.wgs.BRASS.rerun_structural_variation.bedpe	Somatic Structural Variation	Structural Rearrangement	TCGA-LUSC	TCGA-98-A53J, TCGA-98-A53J	TCGA-98-A53J-01A, TCGA-98-A53J-10A	Primary Tumor, Blood Derived Normal
02f179ef-aa85-4492-9e82-d8fd82b26e30	5866b635-fa0d-4141-bd21-aaf8181fdc0a.wgs.BRASS.raw_structural_variation.vcf.gz	Somatic Structural Variation	Structural Rearrangement	TCGA-LUSC	TCGA-85-8481, TCGA-85-8481	TCGA-85-8481-10A, TCGA-85-8481-01A	Blood Derived Normal, Primary Tumor
9de4e76d-c736-43f8-8f85-80a2ae2f5330	a8d1ee92-cda3-4b64-8072-2d886b95b935.wgs.ASCAT.copy_number_variation.seg.txt	Copy Number Variation	Copy Number Segment	TCGA-LUSC	TCGA-56-7579, TCGA-56-7579	TCGA-56-7579-10A, TCGA-56-7579-01A	Blood Derived Normal, Primary Tumor
55d67e22-87c8-42c2-a6e2-3a9d6f23897c	62f26d07-04b1-4c69-a550-3aea5c8d44e3.wgs.BRASS.raw_structural_variation.vcf.gz	Somatic Structural Variation	Structural Rearrangement	TCGA-LUSC	TCGA-98-A53J, TCGA-98-A53J	TCGA-98-A53J-01A, TCGA-98-A53J-10A	Primary Tumor, Blood Derived Normal
1b3c3fb8-2504-4880-9553-66a79a24a58a	c9833fcb-1b01-43d6-8a64-1f4eb1c6f02d.wgs.BRASS.rerun_structural_variation.bedpe.gz	Somatic Structural Variation	Structural Rearrangement	TCGA-LUSC	TCGA-43-6770, TCGA-43-6770	TCGA-43-6770-01A, TCGA-43-6770-10A	Primary Tumor, Blood Derived Normal
922a8719-18f2-47e1-9a88-cc627f7ea869	7c0c6ce6-c3c2-4d53-886b-3a44e5f8eed3.wgs.BRASS.raw_structural_variation.vcf.gz	Somatic Structural Variation	Structural Rearrangement	TCGA-LUSC	TCGA-43-6770, TCGA-43-6770	TCGA-43-6770-01A, TCGA-43-6770-10A	Primary Tumor, Blood Derived Normal
588a8824-02d5-4b63-86e1-854ea37f9bf4	fb20b18a-1f6c-42d4-bc5d-9204dcc6ba2a.wgs.BRASS.rerun_structural_variation.bedpe.gz	Somatic Structural Variation	Structural Rearrangement	TCGA-LUSC	TCGA-85-8481, TCGA-85-8481	TCGA-85-8481-10A, TCGA-85-8481-01A	Blood Derived Normal, Primary Tumor
199e26fc-623a-449d-a6e0-54b88cd4ff82	a8d1ee92-cda3-4b64-8072-2d886b95b935.wgs.sanger_raw_pindel.raw_somatic_mutation.vcf.gz	Simple Nucleotide Variation	Raw Simple Somatic Mutation	TCGA-LUSC	TCGA-56-7579, TCGA-56-7579	TCGA-56-7579-10A, TCGA-56-7579-01A	Blood Derived Normal, Primary Tumor
2c0ef40a-a777-46dd-aabd-77ae7c1d6aa3	9e3e9f5d-b32b-4011-92da-ebb82e2cfa92.wgs.BRASS.rerun_structural_variation.bedpe.gz	Somatic Structural Variation	Structural Rearrangement	TCGA-LUSC	TCGA-56-8308, TCGA-56-8308	TCGA-56-8308-01A, TCGA-56-8308-10A	Primary Tumor, Blood Derived Normal
cb9edd6a-2e26-47a2-a5d3-deea77b6818c	6dede1a4-4eab-48f3-b1b4-6b80a198e7ea.wgs.sanger_raw_pindel.raw_somatic_mutation.vcf.gz	Simple Nucleotide Variation	Raw Simple Somatic Mutation	TCGA-LUSC	TCGA-56-8308, TCGA-56-8308	TCGA-56-8308-01A, TCGA-56-8308-10A	Primary Tumor, Blood Derived Normal
a9eed649-ae44-43df-a0e9-c146ebf25bff	074dc03a-f2e0-46bf-9d66-47e854d33436.wgs.sanger_raw_pindel.raw_somatic_mutation.vcf.gz	Simple Nucleotide Variation	Raw Simple Somatic Mutation	TCGA-LUSC	TCGA-77-7140, TCGA-77-7140	TCGA-77-7140-01A, TCGA-77-7140-10A	Primary Tumor, Blood Derived Normal
1bd28c04-3eef-4981-950a-68f7b66fc6df	6dede1a4-4eab-48f3-b1b4-6b80a198e7ea.wgs.BRASS.raw_structural_variation.vcf.gz	Somatic Structural Variation	Structural Rearrangement	TCGA-LUSC	TCGA-56-8308, TCGA-56-8308	TCGA-56-8308-01A, TCGA-56-8308-10A	Primary Tumor, Blood Derived Normal
e6a40248-e8d1-4882-8e6c-d8f6992b3898	7c0c6ce6-c3c2-4d53-886b-3a44e5f8eed3.wgs.sanger_raw_pindel.raw_somatic_mutation.vcf.gz	Simple Nucleotide Variation	Raw Simple Somatic Mutation	TCGA-LUSC	TCGA-43-6770, TCGA-43-6770	TCGA-43-6770-01A, TCGA-43-6770-10A	Primary Tumor, Blood Derived Normal
11eb572b-bb7d-4c31-a6f6-0b4668a8b70f	7c0c6ce6-c3c2-4d53-886b-3a44e5f8eed3.wgs.CaVEMan.raw_somatic_mutation.vcf.gz	Simple Nucleotide Variation	Raw Simple Somatic Mutation	TCGA-LUSC	TCGA-43-6770, TCGA-43-6770	TCGA-43-6770-01A, TCGA-43-6770-10A	Primary Tumor, Blood Derived Normal
65d5f0be-d79c-4a91-ab22-9d52012ebd68	074dc03a-f2e0-46bf-9d66-47e854d33436.wgs.BRASS.raw_structural_variation.vcf.gz	Somatic Structural Variation	Structural Rearrangement	TCGA-LUSC	TCGA-77-7140, TCGA-77-7140	TCGA-77-7140-01A, TCGA-77-7140-10A	Primary Tumor, Blood Derived Normal
2ac48cdc-23a4-4892-bfef-799137b7d4cd	074dc03a-f2e0-46bf-9d66-47e854d33436.wgs.CaVEMan.raw_somatic_mutation.vcf.gz	Simple Nucleotide Variation	Raw Simple Somatic Mutation	TCGA-LUSC	TCGA-77-7140, TCGA-77-7140	TCGA-77-7140-01A, TCGA-77-7140-10A	Primary Tumor, Blood Derived Normal
545debf5-3eaa-430e-b08d-26bd8d8af76c	5866b635-fa0d-4141-bd21-aaf8181fdc0a.wgs.ASCAT.copy_number_variation.seg.txt	Copy Number Variation	Copy Number Segment	TCGA-LUSC	TCGA-85-8481, TCGA-85-8481	TCGA-85-8481-10A, TCGA-85-8481-01A	Blood Derived Normal, Primary Tumor
c85c0074-a218-42d3-8210-bd6e02720846	ba5bf713-d136-4926-9b16-0c2ae51e65de.wgs.ASCAT.copy_number_variation.seg.txt	Copy Number Variation	Copy Number Segment	TCGA-LUSC	TCGA-96-7544, TCGA-96-7544	TCGA-96-7544-10A, TCGA-96-7544-01A	Blood Derived Normal, Primary Tumor
f620644b-4845-4efc-9884-4a4b96aecd36	45ae8240-94e9-4cbf-a3dc-5deae89b7abc.wgs.ASCAT.copy_number_variation.seg.txt	Copy Number Variation	Copy Number Segment	TCGA-LUSC	TCGA-85-A4CL, TCGA-85-A4CL	TCGA-85-A4CL-01A, TCGA-85-A4CL-10A	Primary Tumor, Blood Derived Normal
7cc9bdf8-b148-4413-87a6-18f62308f6e9	39a8c6e2-8708-4d18-badd-85f72282d426.wgs.ASCAT.copy_number_variation.seg.txt	Copy Number Variation	Copy Number Segment	TCGA-LUSC	TCGA-56-7221, TCGA-56-7221	TCGA-56-7221-01A, TCGA-56-7221-10A	Primary Tumor, Blood Derived Normal
af824623-a3af-42a4-9e47-924ac62d20b3	39a8c6e2-8708-4d18-badd-85f72282d426.wgs.BRASS.raw_structural_variation.vcf.gz	Somatic Structural Variation	Structural Rearrangement	TCGA-LUSC	TCGA-56-7221, TCGA-56-7221	TCGA-56-7221-01A, TCGA-56-7221-10A	Primary Tumor, Blood Derived Normal
fe0517d8-49b1-40b8-a82f-c40c2db6ff10	39a8c6e2-8708-4d18-badd-85f72282d426.wgs.sanger_raw_pindel.raw_somatic_mutation.vcf.gz	Simple Nucleotide Variation	Raw Simple Somatic Mutation	TCGA-LUSC	TCGA-56-7221, TCGA-56-7221	TCGA-56-7221-01A, TCGA-56-7221-10A	Primary Tumor, Blood Derived Normal
f5378b7c-6145-4887-89ef-ebb5087a108e	39a8c6e2-8708-4d18-badd-85f72282d426.wgs.CaVEMan.raw_somatic_mutation.vcf.gz	Simple Nucleotide Variation	Raw Simple Somatic Mutation	TCGA-LUSC	TCGA-56-7221, TCGA-56-7221	TCGA-56-7221-01A, TCGA-56-7221-10A	Primary Tumor, Blood Derived Normal
3d02f44d-f473-4167-abae-74a60397d21b	c242f484-ecd9-45b2-b0aa-cc7a5b2f50f3.wgs.BRASS.raw_structural_variation.vcf.gz	Somatic Structural Variation	Structural Rearrangement	TCGA-LUSC	TCGA-J1-A4AH, TCGA-J1-A4AH	TCGA-J1-A4AH-01A, TCGA-J1-A4AH-10A	Primary Tumor, Blood Derived Normal
8c15146b-bcdd-46c3-8766-c71a5a181e21	c242f484-ecd9-45b2-b0aa-cc7a5b2f50f3.wgs.sanger_raw_pindel.raw_somatic_mutation.vcf.gz	Simple Nucleotide Variation	Raw Simple Somatic Mutation	TCGA-LUSC	TCGA-J1-A4AH, TCGA-J1-A4AH	TCGA-J1-A4AH-01A, TCGA-J1-A4AH-10A	Primary Tumor, Blood Derived Normal
ad9584f3-ac37-4c08-8f56-92bdd7ff5b61	27cca99a-2e9b-4bb4-9104-f3201e5b32b7.wgs.CaVEMan.raw_somatic_mutation.vcf.gz	Simple Nucleotide Variation	Raw Simple Somatic Mutation	TCGA-LUSC	TCGA-90-7766, TCGA-90-7766	TCGA-90-7766-10A, TCGA-90-7766-01A	Blood Derived Normal, Primary Tumor
de8ccef4-3f43-4e28-88a2-bb387b475b55	04c212e7-d485-4621-b50f-2f2d9f2ea67f.wgs.CaVEMan.raw_somatic_mutation.vcf.gz	Simple Nucleotide Variation	Raw Simple Somatic Mutation	TCGA-LUSC	TCGA-85-A4QR, TCGA-85-A4QR	TCGA-85-A4QR-01A, TCGA-85-A4QR-10A	Primary Tumor, Blood Derived Normal
81cb4e5f-9f34-45c3-b67b-d44b8dfefa4b	ebfb16f0-0e96-4a50-840a-a6693d762493.wgs.ASCAT.copy_number_variation.seg.txt	Copy Number Variation	Copy Number Segment	TCGA-LUSC	TCGA-85-6561, TCGA-85-6561	TCGA-85-6561-01A, TCGA-85-6561-10A	Primary Tumor, Blood Derived Normal
1ce59b9d-cb82-46a7-9e15-7348cca37ee5	ebfb16f0-0e96-4a50-840a-a6693d762493.wgs.BRASS.raw_structural_variation.vcf.gz	Somatic Structural Variation	Structural Rearrangement	TCGA-LUSC	TCGA-85-6561, TCGA-85-6561	TCGA-85-6561-01A, TCGA-85-6561-10A	Primary Tumor, Blood Derived Normal
8dd9dbac-4e20-4288-bb55-9a58a7927492	32c1fcc3-562e-4813-bdcc-8bac4983f5bd.wgs.ASCAT.copy_number_variation.seg.txt	Copy Number Variation	Copy Number Segment	TCGA-LUSC	TCGA-85-8353, TCGA-85-8353	TCGA-85-8353-10A, TCGA-85-8353-01A	Blood Derived Normal, Primary Tumor
9b370d64-8e68-4f54-83f7-88e1c341ef36	09f48377-3f88-43ed-b3c2-892341fb99c5.wgs.BRASS.rerun_structural_variation.bedpe	Somatic Structural Variation	Structural Rearrangement	TCGA-LUSC	TCGA-85-A512, TCGA-85-A512	TCGA-85-A512-01A, TCGA-85-A512-10A	Primary Tumor, Blood Derived Normal
e756d881-209a-44c7-b064-c6920294e62c	a8d1ee92-cda3-4b64-8072-2d886b95b935.wgs.BRASS.raw_structural_variation.vcf.gz	Somatic Structural Variation	Structural Rearrangement	TCGA-LUSC	TCGA-56-7579, TCGA-56-7579	TCGA-56-7579-10A, TCGA-56-7579-01A	Blood Derived Normal, Primary Tumor
d05b656c-afe9-4a70-9807-e41f2249c73f	6dede1a4-4eab-48f3-b1b4-6b80a198e7ea.wgs.ASCAT.copy_number_variation.seg.txt	Copy Number Variation	Copy Number Segment	TCGA-LUSC	TCGA-56-8308, TCGA-56-8308	TCGA-56-8308-01A, TCGA-56-8308-10A	Primary Tumor, Blood Derived Normal
595cc820-b3f5-4fa0-90ba-6b8e58694a2c	6dede1a4-4eab-48f3-b1b4-6b80a198e7ea.wgs.CaVEMan.raw_somatic_mutation.vcf.gz	Simple Nucleotide Variation	Raw Simple Somatic Mutation	TCGA-LUSC	TCGA-56-8308, TCGA-56-8308	TCGA-56-8308-01A, TCGA-56-8308-10A	Primary Tumor, Blood Derived Normal
c62291b3-813e-49a7-8e65-28a83a2d91c6	42bb4785-0fb3-4410-89b9-9fb8de1d3524.wgs.BRASS.rerun_structural_variation.bedpe.gz	Somatic Structural Variation	Structural Rearrangement	TCGA-LUSC	TCGA-77-7140, TCGA-77-7140	TCGA-77-7140-01A, TCGA-77-7140-10A	Primary Tumor, Blood Derived Normal
4e6adc96-8bd0-4c55-bea7-48d0460c2645	5866b635-fa0d-4141-bd21-aaf8181fdc0a.wgs.CaVEMan.raw_somatic_mutation.vcf.gz	Simple Nucleotide Variation	Raw Simple Somatic Mutation	TCGA-LUSC	TCGA-85-8481, TCGA-85-8481	TCGA-85-8481-10A, TCGA-85-8481-01A	Blood Derived Normal, Primary Tumor
dc8772ac-1f16-43a4-85ab-9f5ddbbcbb24	62f26d07-04b1-4c69-a550-3aea5c8d44e3.wgs.ASCAT.copy_number_variation.seg.txt	Copy Number Variation	Copy Number Segment	TCGA-LUSC	TCGA-98-A53J, TCGA-98-A53J	TCGA-98-A53J-01A, TCGA-98-A53J-10A	Primary Tumor, Blood Derived Normal
f78585f2-f70a-4f35-ba9a-03879cf12ad9	a8d1ee92-cda3-4b64-8072-2d886b95b935.wgs.CaVEMan.raw_somatic_mutation.vcf.gz	Simple Nucleotide Variation	Raw Simple Somatic Mutation	TCGA-LUSC	TCGA-56-7579, TCGA-56-7579	TCGA-56-7579-10A, TCGA-56-7579-01A	Blood Derived Normal, Primary Tumor
f31da173-d8e6-4c8d-9405-dca81ca917df	8a861b14-e0a9-4752-9066-00f012ef48a0.wgs.BRASS.raw_structural_variation.vcf.gz	Somatic Structural Variation	Structural Rearrangement	TCGA-LUSC	TCGA-85-8288, TCGA-85-8288	TCGA-85-8288-01A, TCGA-85-8288-10A	Primary Tumor, Blood Derived Normal
96920a0b-06c3-48fa-a76f-9edcdf3a065b	30bbb14e-f785-4b18-9f42-74e113ccfff8.wgs.BRASS.rerun_structural_variation.bedpe.gz	Somatic Structural Variation	Structural Rearrangement	TCGA-LUSC	TCGA-96-7544, TCGA-96-7544	TCGA-96-7544-10A, TCGA-96-7544-01A	Blood Derived Normal, Primary Tumor
82fa4bac-b4e8-4e1b-9c7e-719943ff1323	ba5bf713-d136-4926-9b16-0c2ae51e65de.wgs.BRASS.raw_structural_variation.vcf.gz	Somatic Structural Variation	Structural Rearrangement	TCGA-LUSC	TCGA-96-7544, TCGA-96-7544	TCGA-96-7544-10A, TCGA-96-7544-01A	Blood Derived Normal, Primary Tumor
b2621325-2425-4b59-8e3f-bd3974e3b17e	01eba31f-af4c-4525-a443-5b84061e760c.wgs.BRASS.rerun_structural_variation.bedpe.gz	Somatic Structural Variation	Structural Rearrangement	TCGA-LUSC	TCGA-85-8288, TCGA-85-8288	TCGA-85-8288-01A, TCGA-85-8288-10A	Primary Tumor, Blood Derived Normal
23428f84-8a8b-4a03-8f92-1fe5d3bf4050	8a861b14-e0a9-4752-9066-00f012ef48a0.wgs.CaVEMan.raw_somatic_mutation.vcf.gz	Simple Nucleotide Variation	Raw Simple Somatic Mutation	TCGA-LUSC	TCGA-85-8288, TCGA-85-8288	TCGA-85-8288-01A, TCGA-85-8288-10A	Primary Tumor, Blood Derived Normal
dcb589eb-8391-432c-812d-8336feab3446	2fe27115-12f9-42ab-aec6-6ca466f167f7.wgs.BRASS.rerun_structural_variation.bedpe	Somatic Structural Variation	Structural Rearrangement	TCGA-LUSC	TCGA-85-A4CL, TCGA-85-A4CL	TCGA-85-A4CL-01A, TCGA-85-A4CL-10A	Primary Tumor, Blood Derived Normal
e0d6cc56-4f1a-4bf3-8fc8-917feeede680	32564de4-55f3-4934-b529-a187c59d4d47.wgs.CaVEMan.raw_somatic_mutation.vcf.gz	Simple Nucleotide Variation	Raw Simple Somatic Mutation	TCGA-LUSC	TCGA-58-8388, TCGA-58-8388	TCGA-58-8388-10A, TCGA-58-8388-01A	Blood Derived Normal, Primary Tumor
33a95877-cf3f-494f-8107-d4efc31f4933	8a861b14-e0a9-4752-9066-00f012ef48a0.wgs.sanger_raw_pindel.raw_somatic_mutation.vcf.gz	Simple Nucleotide Variation	Raw Simple Somatic Mutation	TCGA-LUSC	TCGA-85-8288, TCGA-85-8288	TCGA-85-8288-01A, TCGA-85-8288-10A	Primary Tumor, Blood Derived Normal
15a4b430-48c8-4bac-b5cb-a7ef2bce7943	45ae8240-94e9-4cbf-a3dc-5deae89b7abc.wgs.BRASS.raw_structural_variation.vcf.gz	Somatic Structural Variation	Structural Rearrangement	TCGA-LUSC	TCGA-85-A4CL, TCGA-85-A4CL	TCGA-85-A4CL-01A, TCGA-85-A4CL-10A	Primary Tumor, Blood Derived Normal
542d3b55-7d10-4faf-9a1a-6c7d25a3eab2	45ae8240-94e9-4cbf-a3dc-5deae89b7abc.wgs.sanger_raw_pindel.raw_somatic_mutation.vcf.gz	Simple Nucleotide Variation	Raw Simple Somatic Mutation	TCGA-LUSC	TCGA-85-A4CL, TCGA-85-A4CL	TCGA-85-A4CL-01A, TCGA-85-A4CL-10A	Primary Tumor, Blood Derived Normal
80e712f0-e8d1-4d0f-ba2c-d631a7ccf11f	45ae8240-94e9-4cbf-a3dc-5deae89b7abc.wgs.CaVEMan.raw_somatic_mutation.vcf.gz	Simple Nucleotide Variation	Raw Simple Somatic Mutation	TCGA-LUSC	TCGA-85-A4CL, TCGA-85-A4CL	TCGA-85-A4CL-01A, TCGA-85-A4CL-10A	Primary Tumor, Blood Derived Normal
9a4b031b-8c85-4dc8-9194-b0f6ed2f4dc5	32564de4-55f3-4934-b529-a187c59d4d47.wgs.sanger_raw_pindel.raw_somatic_mutation.vcf.gz	Simple Nucleotide Variation	Raw Simple Somatic Mutation	TCGA-LUSC	TCGA-58-8388, TCGA-58-8388	TCGA-58-8388-10A, TCGA-58-8388-01A	Blood Derived Normal, Primary Tumor
8b5f1395-92d5-4139-b71a-4b9466bc7d49	eee0e965-51d4-487a-830f-cebd34f25f98.wgs.BRASS.rerun_structural_variation.bedpe.gz	Somatic Structural Variation	Structural Rearrangement	TCGA-LUSC	TCGA-58-8388, TCGA-58-8388	TCGA-58-8388-10A, TCGA-58-8388-01A	Blood Derived Normal, Primary Tumor
4852fd5d-8d14-4629-998f-2ac02c2cfb4e	8a861b14-e0a9-4752-9066-00f012ef48a0.wgs.ASCAT.copy_number_variation.seg.txt	Copy Number Variation	Copy Number Segment	TCGA-LUSC	TCGA-85-8288, TCGA-85-8288	TCGA-85-8288-01A, TCGA-85-8288-10A	Primary Tumor, Blood Derived Normal
15488903-8cfe-49c2-a96f-0745e1f1648c	efe597e9-6835-4403-a0ab-00cce21857d0.wgs.BRASS.rerun_structural_variation.bedpe.gz	Somatic Structural Variation	Structural Rearrangement	TCGA-LUSC	TCGA-56-7221, TCGA-56-7221	TCGA-56-7221-01A, TCGA-56-7221-10A	Primary Tumor, Blood Derived Normal
